abb,rival,is_local,jornada,base_puntos,base_x3pt,base_rebotes,base_asistencias,base_valoracion,alero_puntos,alero_x3pt,alero_rebotes,alero_asistencias,alero_valoracion,pivot_puntos,pivot_x3pt,pivot_rebotes,pivot_asistencias,pivot_valoracion,base_puntos_encontra,base_x3pt_encontra,base_rebotes_encontra,base_asistencias_encontra,base_valoracion_encontra,alero_puntos_encontra,alero_x3pt_encontra,alero_rebotes_encontra,alero_asistencias_encontra,alero_valoracion_encontra,pivot_puntos_encontra,pivot_x3pt_encontra,pivot_rebotes_encontra,pivot_asistencias_encontra,pivot_valoracion_encontra,id_match,equipo.x,logo,color,equipo.y,logo_rival,color_rival
BAR,Todos,Todas,Jor. NA,7,1,3,4,11,7,1,2,1,7,8,1,3,1,9,9,1,2,3,9,7,1,2,1,6,7,0,3,1,7,NA,Barça,https://static.acb.com/img/www/clubes2024/2324BarcaLogoweb.png,#154284,NA,NA,NA
BAR,Todos,Todas Local,Jor. NA,8,1,3,4,12,8,1,2,1,8,9,1,3,1,11,8,1,2,4,8,7,1,2,1,6,7,0,3,1,7,NA,Barça,https://static.acb.com/img/www/clubes2024/2324BarcaLogoweb.png,#154284,NA,NA,NA
BAR,Todos,Todas  Visitante,Jor. NA,7,1,3,4,10,7,1,2,1,6,7,0,4,1,7,10,1,1,3,10,7,1,3,1,7,7,0,4,1,8,NA,Barça,https://static.acb.com/img/www/clubes2024/2324BarcaLogoweb.png,#154284,NA,NA,NA
BAR,COV,Local,Jor. 1,4.3,0.3,4,3.7,7,9.8,1.2,1.8,1,11,7.8,0.4,2,0.6,10.2,12,2,3,3.5,14,3.8,0.5,2.3,0.8,0.3,4.5,0.5,2.5,0.2,4,104056,Barça,https://static.acb.com/img/www/clubes2024/2324BarcaLogoweb.png,#154284,Coviran Granada,https://static.acb.com/img/www/clubes2023/coviran-granada_logopositivo.png,#C2213C
BAR,HIO,Visitante,Jor. 2,2,0,2.7,2,0.7,8.6,1.2,2.4,1.4,9.6,7.2,0.2,4.8,0.5,8.5,8,0,1,2,10,6.2,0.5,2.2,1,4.2,6.3,0.7,4.7,0.3,6.7,104069,Barça,https://static.acb.com/img/www/clubes2024/2324BarcaLogoweb.png,#154284,Hiopos Lleida,https://static.acb.com/img/www/clubes2024/2425HioposLleida_positivo.png,#AB1254
BAR,LLT,Visitante,Jor. 3,11.3,1.7,1.7,5,12.7,7.2,1.5,2.8,0.8,9.8,6.4,0.6,1.8,1.2,6.4,3.3,0.7,1.3,4.7,5.7,8,1.8,2.5,1,8.2,9.8,0.2,2.2,0.5,11.5,104078,Barça,https://static.acb.com/img/www/clubes2024/2324BarcaLogoweb.png,#154284,La Laguna Tenerife,https://static.acb.com/img/www/clubes2024/2425LaLagunaTenerifeLogo.png,#E9CD5F
BAR,BKN,Local,Jor. 4,3.7,0,2.7,4.7,6,8.2,1,0.5,1.2,7.2,9,1.2,2.8,0.8,9.6,11.5,0,4,3,15,5.4,1.2,1.2,1.6,5.2,10.8,0.8,3.5,1.2,12,104087,Barça,https://static.acb.com/img/www/clubes2024/2324BarcaLogoweb.png,#154284,Baskonia,https://static.acb.com/logos/1718/baskonia_00.png,#C8102E
BAR,UNI,Visitante,Jor. 5,8,0,4,8.5,17,7,1,2,0.6,6.2,9,0.6,2.2,0.4,7.2,12,0.5,2,5.5,14,9.4,0.8,1.6,0.8,10.6,6.4,0.4,3.4,0.4,6.2,104096,Barça,https://static.acb.com/img/www/clubes2024/2324BarcaLogoweb.png,#154284,Unicaja,https://static.acb.com/img/www/clubes2024/2324UnicajaLogo.png,#3D9C35
BAR,COR,Local,Jor. 6,10.5,0.5,3.5,2.5,15.5,7,0.6,2.2,1.6,8,10,1.4,3,0.8,12.8,7.5,2.5,1,5,4.5,6.2,1,2,0.8,3.4,6.8,0.2,3.6,1.2,6.8,104103,Barça,https://static.acb.com/img/www/clubes2024/2324BarcaLogoweb.png,#154284,Leyma Coruña,https://static.acb.com/img/www/clubes2024/2425BCoruna.png,#E85204
BAR,BRE,Visitante,Jor. 7,4.5,0.5,5,2.5,6.5,4.5,0.7,1.2,1.2,2.8,8.5,0.5,4.8,0.2,10.8,8.3,0.7,0.7,2.7,7.3,6.5,1,2.5,1,5.8,5.2,0.4,3,0.6,6.2,104114,Barça,https://static.acb.com/img/www/clubes2024/2324BarcaLogoweb.png,#154284,Río Breogán,https://static.acb.com/logos/1718/breogan_00.png,#85ADEA
BAR,VBC,Local,Jor. 8,6.5,0,3,6,13,8,1.2,0.8,0.8,6.6,9.8,1,4,1.4,12.6,7.2,1,2,3.8,9.8,10,1.8,2.8,1,12,7.5,0.8,3,1,4.2,104123,Barça,https://static.acb.com/img/www/clubes2024/2324BarcaLogoweb.png,#154284,Valencia Basket,https://static.acb.com/img/23/2/25/1654748673.png,#FC6C0F
BAR,BAX,Visitante,Jor. 9,10.5,0.5,2.5,2.5,14,5,0.8,2.2,1,4,7,0,5.3,1,7.3,10.7,1.7,1.3,2.3,8.3,7.3,1.7,1.3,0.7,6,6.2,0.4,5,0.8,6.2,104128,Barça,https://static.acb.com/img/www/clubes2024/2324BarcaLogoweb.png,#154284,BAXI Manresa,https://static.acb.com/img/5b/60/d/75575.png,#B32836
BAR,UCM,Local,Jor. 10,6.5,0.5,4,5,10,5.4,0.8,3.4,0.6,5.8,11.5,1,3.5,1,13,6.3,1.7,1,1.7,3.7,8.5,0.2,3.2,1.5,7.8,5.2,0.4,2.6,0.6,6.2,104140,Barça,https://static.acb.com/img/www/clubes2024/2324BarcaLogoweb.png,#154284,UCAM Murcia,https://static.acb.com/img/www/clubes2024/2425UCAMMurcianegativo.png,#A51A14
BAR,CAZ,Visitante,Jor. 11,4.5,0,2.5,5,9.5,12.2,2.2,0.8,1,9.8,3.2,0,4,0.5,3,15,1.7,1.3,3.3,16.7,5.8,0.2,4.2,1,6.8,10.5,0.8,5.2,1,12,104150,Barça,https://static.acb.com/img/www/clubes2024/2324BarcaLogoweb.png,#154284,Casademont Zaragoza,https://static.acb.com/img/www/clubes2024/2425CasademontZaragoza.png,#C8102E
BAR,MBA,Local,Jor. 12,15,2.5,2,3.5,18,9,1,2.3,1.8,10.8,5.2,0,2.2,1,6.5,5.7,1,1.7,4.3,3,7,0.8,3,0.4,6.4,6.8,0.2,3,0.2,9.2,104157,Barça,https://static.acb.com/img/www/clubes2024/2324BarcaLogoweb.png,#154284,MoraBanc Andorra,https://static.acb.com/img/10/45/4d/75539.png,#0165BA
BAR,RMB,Visitante,Jor. 13,8,2,4,2.5,13,3.8,0.6,3.6,0.6,3.2,7.2,0.8,3.8,1.2,6.2,10,2,1,3.5,10,6,0.9,3.7,1.1,6.7,3.7,0,3.3,0.3,5.3,104168,Barça,https://static.acb.com/img/www/clubes2024/2324BarcaLogoweb.png,#154284,Real Madrid,https://static.acb.com/img/www/clubes2023/RealMadridLogo202223.png,#FFFFFF
BAX,Todos,Todas,Jor. NA,9,1,2,3,8,7,1,3,1,6,7,0,4,1,8,8,1,2,3,9,7,1,2,1,7,6,0,4,1,6,NA,BAXI Manresa,https://static.acb.com/img/5b/60/d/75575.png,#B32836,NA,NA,NA
BAX,Todos,Todas Local,Jor. NA,9,1,2,3,8,7,1,2,1,6,7,0,4,1,9,7,0,1,3,7,8,1,2,1,7,6,0,4,1,6,NA,BAXI Manresa,https://static.acb.com/img/5b/60/d/75575.png,#B32836,NA,NA,NA
BAX,Todos,Todas  Visitante,Jor. NA,8,1,2,3,7,6,1,3,1,6,7,0,3,1,7,9,1,2,3,10,7,1,2,1,6,5,0,3,1,7,NA,BAXI Manresa,https://static.acb.com/img/5b/60/d/75575.png,#B32836,NA,NA,NA
BAX,VBC,Local,Jor. 1,3.7,0.3,1.7,1.7,0,8,0.5,4,0.8,8.5,6.8,0.4,3.8,0.8,8.6,5,0,2.3,3.3,4.7,9.5,1.2,3,0.8,9.8,4,0.2,4.2,0.4,3.4,104055,BAXI Manresa,https://static.acb.com/img/5b/60/d/75575.png,#B32836,Valencia Basket,https://static.acb.com/img/23/2/25/1654748673.png,#FC6C0F
BAX,GIR,Visitante,Jor. 2,6,1,1.3,2,1,6,0.5,2,1.5,6,7.6,0.4,5.4,0.8,11.2,9,0.2,1.5,3.8,11,6.8,1.2,4.2,0.5,5,5.2,0.2,3.8,0,5.8,104067,BAXI Manresa,https://static.acb.com/img/5b/60/d/75575.png,#B32836,Bàsquet Girona,https://static.acb.com/img/www/clubes2023/BASQUET-GIRONA-Logonegativo2223.png,#D5001E
BAX,DGC,Local,Jor. 3,7.7,1.3,2.7,2,7,4,0.8,1.5,0.5,0.5,8,0.4,4.8,1,11.4,3.5,0,1.5,2,4.5,5.6,0.4,2.8,0.6,4,4.6,0.4,4.2,0.8,4.4,104075,BAXI Manresa,https://static.acb.com/img/5b/60/d/75575.png,#B32836,Dreamland Gran Canaria,https://static.acb.com/img/25/56/4a/75557.png,#FFB718
BAX,HIO,Visitante,Jor. 4,5.7,0.3,1,4.3,6.7,4.8,1,3.8,1,3.8,9,1,3,0.2,9.6,10,0,2,5,12,8,0.8,2,1.2,6.7,4.3,0.7,1,0.7,1.3,104084,BAXI Manresa,https://static.acb.com/img/5b/60/d/75575.png,#B32836,Hiopos Lleida,https://static.acb.com/img/www/clubes2024/2425HioposLleida_positivo.png,#AB1254
BAX,RMB,Visitante,Jor. 5,4.3,0.3,2.7,1.7,0.3,6.2,0.8,3.5,1.2,5.8,4.6,0.2,3,0.2,1.6,3,0,2,1,4,9.3,1.1,2.4,1.6,9.6,4.5,0,4.8,1.2,9.2,104092,BAXI Manresa,https://static.acb.com/img/5b/60/d/75575.png,#B32836,Real Madrid,https://static.acb.com/img/www/clubes2023/RealMadridLogo202223.png,#FFFFFF
BAX,UNI,Local,Jor. 6,7.3,0.7,3.3,4.7,10.7,9.2,1.5,3.2,1.8,12.5,10,1,2.6,1,11.2,11.5,1,1,3.5,13,4.2,0,1.8,0.4,0.8,5,0.2,2,0.4,3,104099,BAXI Manresa,https://static.acb.com/img/5b/60/d/75575.png,#B32836,Unicaja,https://static.acb.com/img/www/clubes2024/2324UnicajaLogo.png,#3D9C35
BAX,COV,Local,Jor. 7,7.7,0,2.7,2.3,4.7,7,1.2,4,0.2,7.2,8.4,0.2,3.4,0.4,11.2,9,1,1,4,6,7,1.2,2.2,0.5,3.7,6.5,0.2,3.2,0.8,8.2,104106,BAXI Manresa,https://static.acb.com/img/5b/60/d/75575.png,#B32836,Coviran Granada,https://static.acb.com/img/www/clubes2023/coviran-granada_logopositivo.png,#C2213C
BAX,LLT,Visitante,Jor. 8,14,1.3,2,4.3,16,1.2,0.2,0.8,1,-2.2,7.8,0.2,4.2,1,9.6,12,1.3,2.7,4.3,13,5.2,0.8,1.8,0.5,4.8,7.4,0.2,2.4,1.2,10,104117,BAXI Manresa,https://static.acb.com/img/5b/60/d/75575.png,#B32836,La Laguna Tenerife,https://static.acb.com/img/www/clubes2024/2425LaLagunaTenerifeLogo.png,#E9CD5F
BAX,BAR,Local,Jor. 9,10.7,1.7,1.3,2.3,8.3,7.3,1.7,1.3,0.7,6,6.2,0.4,5,0.8,6.2,10.5,0.5,2.5,2.5,14,5,0.8,2.2,1,4,7,0,5.3,1,7.3,104128,BAXI Manresa,https://static.acb.com/img/5b/60/d/75575.png,#B32836,Barça,https://static.acb.com/img/www/clubes2024/2324BarcaLogoweb.png,#154284
BAX,COR,Visitante,Jor. 10,10.3,2,4.3,2.7,10.7,10,1.3,4,1.3,12,5.6,0.4,2.6,1.6,5,11.5,1,2,2.5,11.5,4.2,0.8,1.6,0.4,2.6,6,0.4,4.6,0.8,7.6,104134,BAXI Manresa,https://static.acb.com/img/5b/60/d/75575.png,#B32836,Leyma Coruña,https://static.acb.com/img/www/clubes2024/2425BCoruna.png,#E85204
BAX,MBA,Local,Jor. 11,15.7,2,1.3,4,16.3,8,1,1.2,0.8,7.2,5.6,0.4,2.4,0.2,4.2,4.7,0.7,0.3,3.7,7,12.4,1,3,1.4,13.6,8.8,0.2,3,0.2,8,104142,BAXI Manresa,https://static.acb.com/img/5b/60/d/75575.png,#B32836,MoraBanc Andorra,https://static.acb.com/img/10/45/4d/75539.png,#0165BA
BAX,SBB,Visitante,Jor. 12,8.7,0.3,2.3,2.3,5.7,7.3,1,2.3,0.7,4,5,0.4,2.6,0.8,4.6,16,2.5,3,2.5,15.5,6.8,0,0.8,1.8,5.5,5.8,0.2,4,0.4,7.6,104158,BAXI Manresa,https://static.acb.com/img/5b/60/d/75575.png,#B32836,Surne Bilbao Basket,https://static.acb.com/img/www/clubes2022/logo_surnebb_neg.png,#000000
BAX,BKN,Local,Jor. 13,12,0.7,2.7,2,11,3,0.5,2,1,1,6.4,0.4,4.6,1,8.2,3.7,0,1.7,1.7,2.7,10.6,1.2,2.2,2.4,12.8,4.5,0,4.5,0.8,6.2,104167,BAXI Manresa,https://static.acb.com/img/5b/60/d/75575.png,#B32836,Baskonia,https://static.acb.com/logos/1718/baskonia_00.png,#C8102E
BAX,BRE,Visitante,Jor. 14,5.7,1,2,4,7,9.8,2,2.5,2,11.5,6.4,0.6,3.2,0.6,7.2,4.8,0.5,1,2.2,3.5,9.7,2,3.3,2,10.7,4.5,0.2,3.8,0.5,5,104172,BAXI Manresa,https://static.acb.com/img/5b/60/d/75575.png,#B32836,Río Breogán,https://static.acb.com/logos/1718/breogan_00.png,#85ADEA
BKN,Todos,Todas,Jor. NA,9,1,2,2,9,7,1,2,1,7,6,0,4,1,8,7,1,2,4,8,7,1,2,1,7,9,1,4,1,10,NA,Baskonia,https://static.acb.com/logos/1718/baskonia_00.png,#C8102E,NA,NA,NA
BKN,Todos,Todas Local,Jor. NA,10,1,2,3,10,8,1,3,1,7,6,0,3,1,7,7,1,1,5,8,8,1,2,1,8,10,1,4,1,11,NA,Baskonia,https://static.acb.com/logos/1718/baskonia_00.png,#C8102E,NA,NA,NA
BKN,Todos,Todas  Visitante,Jor. NA,8,1,3,2,7,7,1,2,2,7,7,0,4,1,9,7,1,2,4,8,6,1,2,1,6,8,1,4,0,9,NA,Baskonia,https://static.acb.com/logos/1718/baskonia_00.png,#C8102E,NA,NA,NA
BKN,LLT,Visitante,Jor. 1,6,0.5,2,3,5,6.7,1,2.2,1.2,5.8,7,1,3,0.5,6.8,8,2,1,5,8.5,9,1,3.5,1,11.5,5.6,0,2.6,0.4,7.4,104057,Baskonia,https://static.acb.com/logos/1718/baskonia_00.png,#C8102E,La Laguna Tenerife,https://static.acb.com/img/www/clubes2024/2425LaLagunaTenerifeLogo.png,#E9CD5F
BKN,MBA,Local,Jor. 2,10,1.5,2.5,4,9.5,8.2,1.5,2.5,1,8.3,5.5,0,3,1,7.5,5.7,1.3,1.3,4.7,6,9.6,1.6,2.4,1,10,7.5,0.2,4.8,0.5,8.5,104061,Baskonia,https://static.acb.com/logos/1718/baskonia_00.png,#C8102E,MoraBanc Andorra,https://static.acb.com/img/10/45/4d/75539.png,#0165BA
BKN,UCM,Local,Jor. 3,9,0.5,2.5,3,10,6.4,0.8,3.4,1.4,7.4,9,0.6,2.2,0.6,10.6,8,2,0.7,2.3,6,4.8,0.6,2.2,1.8,5.4,11,1,4.8,1,11.8,104070,Baskonia,https://static.acb.com/logos/1718/baskonia_00.png,#C8102E,UCAM Murcia,https://static.acb.com/img/www/clubes2024/2425UCAMMurcianegativo.png,#A51A14
BKN,BAR,Visitante,Jor. 4,11.5,0,4,3,15,5.4,1.2,1.2,1.6,5.2,10.8,0.8,3.5,1.2,12,3.7,0,2.7,4.7,6,8.2,1,0.5,1.2,7.2,9,1.2,2.8,0.8,9.6,104087,Baskonia,https://static.acb.com/logos/1718/baskonia_00.png,#C8102E,Barça,https://static.acb.com/img/www/clubes2024/2324BarcaLogoweb.png,#154284
BKN,JOV,Local,Jor. 5,10.7,1,1,1.3,6.7,7.5,1.5,2.2,0.5,4.5,3.4,0.4,4.2,1.6,8.6,5.3,0.3,2,2.3,7.3,6.2,1,1.6,1.8,5.6,11.7,1,5.7,1,15.7,104089,Baskonia,https://static.acb.com/logos/1718/baskonia_00.png,#C8102E,Joventut Badalona,https://static.acb.com/img/e/53/16/1453195579.png,#2F8E62
BKN,DGC,Visitante,Jor. 6,10.5,1.5,3,0.5,10.5,10.5,1.2,2.2,1.5,9,4.6,0.4,3.4,1,7,4,0,2,5.5,5.5,7.6,0.8,2.4,2.6,8.4,9.2,1,3.8,0.2,10.6,104104,Baskonia,https://static.acb.com/logos/1718/baskonia_00.png,#C8102E,Dreamland Gran Canaria,https://static.acb.com/img/25/56/4a/75557.png,#FFB718
BKN,HIO,Local,Jor. 7,11,0,3.5,2.5,14,9.3,1.7,3.3,0.8,10.3,5.5,0,2.8,0.8,5,3,0,0,7,3,8.6,1.1,1.9,1.1,7,11.3,2.3,5,1,13.7,104112,Baskonia,https://static.acb.com/logos/1718/baskonia_00.png,#C8102E,Hiopos Lleida,https://static.acb.com/img/www/clubes2024/2425HioposLleida_positivo.png,#AB1254
BKN,CAZ,Visitante,Jor. 8,11,1.5,3.5,2,9,6.8,1.5,2.3,1.8,7,5.5,0.5,4,2,8.2,8.5,0,1,3,9.5,5.6,0.6,2,1,5,8.6,1,3,0.4,10.4,104118,Baskonia,https://static.acb.com/logos/1718/baskonia_00.png,#C8102E,Casademont Zaragoza,https://static.acb.com/img/www/clubes2024/2425CasademontZaragoza.png,#C8102E
BKN,VBC,Local,Jor. 9,7.7,1.3,3,2.7,10.7,8.4,1.6,1.8,1.8,7,6.5,0.5,3.2,1,5.5,9.2,1.5,1.5,5.8,14,10.7,1.7,4,0.7,12,9.4,1.6,4.2,0.6,11.6,104131,Baskonia,https://static.acb.com/logos/1718/baskonia_00.png,#C8102E,Valencia Basket,https://static.acb.com/img/23/2/25/1654748673.png,#FC6C0F
BKN,SBB,Visitante,Jor. 10,4.7,0.7,2,2.3,3,4,0.4,1.8,1.2,2.8,8.8,0.5,5,1.2,13.2,7.5,0,3.5,4,12.5,4.5,0.5,1.8,1.8,2.2,6.8,0.2,3.6,0,7.4,104137,Baskonia,https://static.acb.com/logos/1718/baskonia_00.png,#C8102E,Surne Bilbao Basket,https://static.acb.com/img/www/clubes2022/logo_surnebb_neg.png,#000000
BKN,COV,Visitante,Jor. 11,6,0.7,2.3,2.7,6,5.6,0.4,2.4,0.8,4.8,7.2,0.2,4,0.2,9.2,5,1,1,3.5,2.5,5.5,0.3,1.8,1.5,4.8,7.5,0,4.2,0.5,11.2,104148,Baskonia,https://static.acb.com/logos/1718/baskonia_00.png,#C8102E,Coviran Granada,https://static.acb.com/img/www/clubes2023/coviran-granada_logopositivo.png,#C2213C
BKN,UNI,Local,Jor. 12,11.7,0.7,1.3,2.7,11.3,7.2,1.2,2.2,0.8,6.2,3.3,0,4,0.3,5.7,8.7,1.3,2,7,13,6.2,1.5,2.5,0.8,5,7.8,1,2,0.4,7,104154,Baskonia,https://static.acb.com/logos/1718/baskonia_00.png,#C8102E,Unicaja,https://static.acb.com/img/www/clubes2024/2324UnicajaLogo.png,#3D9C35
BKN,BAX,Visitante,Jor. 13,3.7,0,1.7,1.7,2.7,10.6,1.2,2.2,2.4,12.8,4.5,0,4.5,0.8,6.2,12,0.7,2.7,2,11,3,0.5,2,1,1,6.4,0.4,4.6,1,8.2,104167,Baskonia,https://static.acb.com/logos/1718/baskonia_00.png,#C8102E,BAXI Manresa,https://static.acb.com/img/5b/60/d/75575.png,#B32836
BRE,Todos,Todas,Jor. NA,6,1,1,2,5,8,1,3,2,7,6,0,3,1,6,6,1,2,3,7,8,1,3,2,9,7,0,4,1,8,NA,Río Breogán,https://static.acb.com/logos/1718/breogan_00.png,#85ADEA,NA,NA,NA
BRE,Todos,Todas Local,Jor. NA,6,1,1,2,6,8,1,3,2,7,5,0,3,1,6,6,1,2,3,7,8,1,3,2,8,6,0,3,1,7,NA,Río Breogán,https://static.acb.com/logos/1718/breogan_00.png,#85ADEA,NA,NA,NA
BRE,Todos,Todas  Visitante,Jor. NA,5,0,1,2,4,8,1,4,2,6,6,0,3,1,6,6,1,2,3,8,7,1,3,2,9,8,0,4,1,10,NA,Río Breogán,https://static.acb.com/logos/1718/breogan_00.png,#85ADEA,NA,NA,NA
BRE,SBB,Visitante,Jor. 1,5.7,1,1.3,2,5,7,1,2.8,1.2,3.2,5.4,0.4,2.6,0.8,4.6,11,0.5,1,4.5,13,5.6,0.4,3.2,1.4,7.8,8,0.8,4.2,0.6,9,104059,Río Breogán,https://static.acb.com/logos/1718/breogan_00.png,#85ADEA,Surne Bilbao Basket,https://static.acb.com/img/www/clubes2022/logo_surnebb_neg.png,#000000
BRE,LLT,Local,Jor. 2,7,1,0.7,3.3,9,6.8,1,2,2,5.2,6,0.2,2.8,0.2,6.8,7.7,0.7,0.7,3,5.7,7.2,1.5,3,1,7.8,6.8,0,2.8,0.8,8.5,104062,Río Breogán,https://static.acb.com/logos/1718/breogan_00.png,#85ADEA,La Laguna Tenerife,https://static.acb.com/img/www/clubes2024/2425LaLagunaTenerifeLogo.png,#E9CD5F
BRE,VBC,Local,Jor. 3,5,0.3,0.3,2,3,9.5,0.8,3.8,1.2,8.8,4.4,0.2,3,0.8,7,8,2.3,2.3,3.3,9,8.5,1.5,3,1.5,7.5,5.8,1.2,4.2,1.4,7.2,104076,Río Breogán,https://static.acb.com/logos/1718/breogan_00.png,#85ADEA,Valencia Basket,https://static.acb.com/img/23/2/25/1654748673.png,#FC6C0F
BRE,JOV,Visitante,Jor. 4,4,0.3,1,1,2.3,10.3,1.7,6.3,3,14.3,6.6,0.8,3.2,0.8,6.6,3.3,0.3,1.3,2,2.3,5,0.8,2.8,1,6,8.8,0,4.2,0.8,8.8,104079,Río Breogán,https://static.acb.com/logos/1718/breogan_00.png,#85ADEA,Joventut Badalona,https://static.acb.com/img/e/53/16/1453195579.png,#2F8E62
BRE,HIO,Local,Jor. 5,5,0.7,2,1.7,7,8.5,1.5,3,2.5,8.5,5.6,0.8,3,0.6,5.8,4,0,1,5,6,10,1.7,2.8,2.7,11.8,3.3,0.7,2,0.3,0.7,104095,Río Breogán,https://static.acb.com/logos/1718/breogan_00.png,#85ADEA,Hiopos Lleida,https://static.acb.com/img/www/clubes2024/2425HioposLleida_positivo.png,#AB1254
BRE,CAZ,Visitante,Jor. 6,4,0.3,1,1.7,1.3,2.8,0.2,2,0.8,-1.2,6,0.4,2.8,0.4,4.4,6,1,0.5,3,6.5,8.6,1.6,3,3,13.6,13,1.2,4.2,1.2,18.6,104098,Río Breogán,https://static.acb.com/logos/1718/breogan_00.png,#85ADEA,Casademont Zaragoza,https://static.acb.com/img/www/clubes2024/2425CasademontZaragoza.png,#C8102E
BRE,BAR,Local,Jor. 7,8.3,0.7,0.7,2.7,7.3,6.5,1,2.5,1,5.8,5.2,0.4,3,0.6,6.2,4.5,0.5,5,2.5,6.5,4.5,0.7,1.2,1.2,2.8,8.5,0.5,4.8,0.2,10.8,104114,Río Breogán,https://static.acb.com/logos/1718/breogan_00.png,#85ADEA,Barça,https://static.acb.com/img/www/clubes2024/2324BarcaLogoweb.png,#154284
BRE,UCM,Visitante,Jor. 8,6,0.3,1,1.7,6,6.2,0.5,5.5,1,3.8,4,0.4,3,0.4,5,5.5,1.5,3.5,3,8,7.2,1.4,2,3.4,9.2,6.4,0,4.2,0.2,7,104115,Río Breogán,https://static.acb.com/logos/1718/breogan_00.png,#85ADEA,UCAM Murcia,https://static.acb.com/img/www/clubes2024/2425UCAMMurcianegativo.png,#A51A14
BRE,COV,Local,Jor. 9,5.7,0.7,0.7,2,5.3,8.7,1,3.7,0.7,4.7,6.2,0.2,2.6,1.2,7,5.5,1,0.5,4,6,8.3,1.3,2.5,1.5,8.2,7.8,0,4.8,0.8,11.2,104125,Río Breogán,https://static.acb.com/logos/1718/breogan_00.png,#85ADEA,Coviran Granada,https://static.acb.com/img/www/clubes2023/coviran-granada_logopositivo.png,#C2213C
BRE,DGC,Visitante,Jor. 10,6,0.8,1.5,1.5,9,8,2,2.3,1.3,2.7,6.8,0.4,4.2,1,7,5.5,1,1,1.5,7,5.6,0.6,1.6,1.8,4,6.8,0.4,3.2,0.4,8.6,104138,Río Breogán,https://static.acb.com/logos/1718/breogan_00.png,#85ADEA,Dreamland Gran Canaria,https://static.acb.com/img/25/56/4a/75557.png,#FFB718
BRE,RMB,Visitante,Jor. 11,5.3,0.3,1.7,0.7,2.7,8.7,1,4.3,1,5.3,5.4,0.4,2.6,0.6,5.2,4.5,1,2,4.5,7.5,12.7,1.8,3.3,2.3,15.7,5.2,0.2,3,0.5,7.8,104147,Río Breogán,https://static.acb.com/logos/1718/breogan_00.png,#85ADEA,Real Madrid,https://static.acb.com/img/www/clubes2023/RealMadridLogo202223.png,#FFFFFF
BRE,GIR,Local,Jor. 12,7,0.8,1.2,1.2,6.5,7.3,1,3.3,3.7,8.3,5.4,0.4,2.4,0.2,6.2,8.8,1.2,3,2.5,9.8,8.5,1.5,4.5,1,7.8,1.2,0,1.5,0.8,1,104151,Río Breogán,https://static.acb.com/logos/1718/breogan_00.png,#85ADEA,Bàsquet Girona,https://static.acb.com/img/www/clubes2023/BASQUET-GIRONA-Logonegativo2223.png,#D5001E
BRE,UNI,Visitante,Jor. 13,3.2,0.2,2.2,2,2.2,11,1.7,2,3,11.7,6.2,0.6,2.8,0.6,8.2,8,1.7,3,3.3,10,6,1.2,4,1.8,7.8,7.6,0.4,3.6,1,7.2,104163,Río Breogán,https://static.acb.com/logos/1718/breogan_00.png,#85ADEA,Unicaja,https://static.acb.com/img/www/clubes2024/2324UnicajaLogo.png,#3D9C35
BRE,BAX,Local,Jor. 14,4.8,0.5,1,2.2,3.5,9.7,2,3.3,2,10.7,4.5,0.2,3.8,0.5,5,5.7,1,2,4,7,9.8,2,2.5,2,11.5,6.4,0.6,3.2,0.6,7.2,104172,Río Breogán,https://static.acb.com/logos/1718/breogan_00.png,#85ADEA,BAXI Manresa,https://static.acb.com/img/5b/60/d/75575.png,#B32836
CAZ,Todos,Todas,Jor. NA,10,1,2,4,12,6,1,2,1,5,9,1,4,1,11,7,1,2,3,9,9,1,2,1,9,6,1,3,1,6,NA,Casademont Zaragoza,https://static.acb.com/img/www/clubes2024/2425CasademontZaragoza.png,#C8102E,NA,NA,NA
CAZ,Todos,Todas Local,Jor. NA,11,1,2,4,14,6,1,3,1,6,10,1,4,1,12,6,0,2,2,6,8,1,2,2,7,6,0,3,1,5,NA,Casademont Zaragoza,https://static.acb.com/img/www/clubes2024/2425CasademontZaragoza.png,#C8102E,NA,NA,NA
CAZ,Todos,Todas  Visitante,Jor. NA,10,1,2,4,11,6,1,2,1,4,8,0,3,1,9,8,1,2,4,11,11,1,3,1,11,6,1,3,1,7,NA,Casademont Zaragoza,https://static.acb.com/img/www/clubes2024/2425CasademontZaragoza.png,#C8102E,NA,NA,NA
CAZ,HIO,Local,Jor. 1,12,0.5,3.5,6,18.5,6,1,2.4,0.8,1.6,9.4,0.8,4.8,0.6,12.2,4,0,2,1,5,8.8,1.5,2.5,2.2,10.2,5.3,1,1.7,0.3,2.7,104058,Casademont Zaragoza,https://static.acb.com/img/www/clubes2024/2425CasademontZaragoza.png,#C8102E,Hiopos Lleida,https://static.acb.com/img/www/clubes2024/2425HioposLleida_positivo.png,#AB1254
CAZ,RMB,Visitante,Jor. 2,19,3,3,4.5,21,4.2,0.6,1.8,1.8,2,7.2,0.6,2.2,1,6.8,10,0.5,2.5,4.5,17,8.6,0.7,2.1,1.6,10.7,7,0.7,4.3,0,6,104065,Casademont Zaragoza,https://static.acb.com/img/www/clubes2024/2425CasademontZaragoza.png,#C8102E,Real Madrid,https://static.acb.com/img/www/clubes2023/RealMadridLogo202223.png,#FFFFFF
CAZ,JOV,Local,Jor. 3,15.5,1.5,2.5,5.5,18,3.8,0.4,1.6,0.6,-0.2,9.2,1.2,4.6,0.6,11.4,9,1,1.7,2.3,11,7.4,0.8,2,1.6,9.4,7.8,0.8,3,0.8,3.8,104077,Casademont Zaragoza,https://static.acb.com/img/www/clubes2024/2425CasademontZaragoza.png,#C8102E,Joventut Badalona,https://static.acb.com/img/e/53/16/1453195579.png,#2F8E62
CAZ,UCM,Visitante,Jor. 4,13,1.5,3.5,0.5,12.5,5.4,0.4,1.6,0.2,2.6,4.2,0,3.4,0.4,4.4,5.3,1.3,1.3,2.3,6,12.5,1.5,4.5,2,15.8,4.4,0.2,2.6,0.6,3.4,104082,Casademont Zaragoza,https://static.acb.com/img/www/clubes2024/2425CasademontZaragoza.png,#C8102E,UCAM Murcia,https://static.acb.com/img/www/clubes2024/2425UCAMMurcianegativo.png,#A51A14
CAZ,COR,Visitante,Jor. 5,7.5,1,1,4.5,7,6.8,1.2,1.4,2,5.6,7.8,0.8,3,0.8,8.4,11.5,2.5,2.5,7,16.5,6.6,0.6,2.4,1.2,7.2,10.8,0.8,4,2.6,15.2,104091,Casademont Zaragoza,https://static.acb.com/img/www/clubes2024/2425CasademontZaragoza.png,#C8102E,Leyma Coruña,https://static.acb.com/img/www/clubes2024/2425BCoruna.png,#E85204
CAZ,BRE,Local,Jor. 6,6,1,0.5,3,6.5,8.6,1.6,3,3,13.6,13,1.2,4.2,1.2,18.6,4,0.3,1,1.7,1.3,2.8,0.2,2,0.8,-1.2,6,0.4,2.8,0.4,4.4,104098,Casademont Zaragoza,https://static.acb.com/img/www/clubes2024/2425CasademontZaragoza.png,#C8102E,Río Breogán,https://static.acb.com/logos/1718/breogan_00.png,#85ADEA
CAZ,VBC,Visitante,Jor. 7,7.5,0.5,1.5,3.5,5.5,6.4,1.2,3.2,2,5.6,7.8,0,2.8,0.6,8,7.2,1.2,2,3.5,10.5,14.2,2,3.8,0.8,15.2,6.2,1.2,4,2,7.2,104108,Casademont Zaragoza,https://static.acb.com/img/www/clubes2024/2425CasademontZaragoza.png,#C8102E,Valencia Basket,https://static.acb.com/img/23/2/25/1654748673.png,#FC6C0F
CAZ,BKN,Local,Jor. 8,8.5,0,1,3,9.5,5.6,0.6,2,1,5,8.6,1,3,0.4,10.4,11,1.5,3.5,2,9,6.8,1.5,2.3,1.8,7,5.5,0.5,4,2,8.2,104118,Casademont Zaragoza,https://static.acb.com/img/www/clubes2024/2425CasademontZaragoza.png,#C8102E,Baskonia,https://static.acb.com/logos/1718/baskonia_00.png,#C8102E
CAZ,SBB,Local,Jor. 9,14,1.5,4.5,4,19,5.4,0.8,2.6,0.8,4.8,5.4,0,4.2,0.4,7.2,3,0,1,3,3.5,8,1.2,1.2,2,4.8,6.6,0.6,3.8,0.2,6.6,104126,Casademont Zaragoza,https://static.acb.com/img/www/clubes2024/2425CasademontZaragoza.png,#C8102E,Surne Bilbao Basket,https://static.acb.com/img/www/clubes2022/logo_surnebb_neg.png,#000000
CAZ,MBA,Visitante,Jor. 10,4,0,2.7,4.7,8.7,7.8,1.4,1.4,0.6,7.2,7.8,0.2,4.4,0.8,9.6,3.8,0.8,1.5,2,6.2,8.8,1.6,1,1,5.2,6.7,1,4.3,0.7,7,104133,Casademont Zaragoza,https://static.acb.com/img/www/clubes2024/2425CasademontZaragoza.png,#C8102E,MoraBanc Andorra,https://static.acb.com/img/10/45/4d/75539.png,#0165BA
CAZ,BAR,Local,Jor. 11,15,1.7,1.3,3.3,16.7,5.8,0.2,4.2,1,6.8,10.5,0.8,5.2,1,12,4.5,0,2.5,5,9.5,12.2,2.2,0.8,1,9.8,3.2,0,4,0.5,3,104150,Casademont Zaragoza,https://static.acb.com/img/www/clubes2024/2425CasademontZaragoza.png,#C8102E,Barça,https://static.acb.com/img/www/clubes2024/2324BarcaLogoweb.png,#154284
CAZ,DGC,Visitante,Jor. 12,7.3,1.7,1.7,5,9.3,5.8,1.4,1.6,1,4.2,11.5,1,3.5,1,13,9.5,1.5,0.5,2.5,10.5,11.6,1,2.6,1.4,12.6,3.8,0.2,2.2,1.2,5,104156,Casademont Zaragoza,https://static.acb.com/img/www/clubes2024/2425CasademontZaragoza.png,#C8102E,Dreamland Gran Canaria,https://static.acb.com/img/25/56/4a/75557.png,#FFB718
CAZ,GIR,Local,Jor. 13,5,0,1.3,4,7.3,7.2,0.8,3.8,1.2,7.6,10.8,0.4,4.6,1.2,14.8,5.2,0.5,1.8,1,2.8,7.2,1,3.5,1.2,6,4.5,0.2,2.8,0.5,4,104166,Casademont Zaragoza,https://static.acb.com/img/www/clubes2024/2425CasademontZaragoza.png,#C8102E,Bàsquet Girona,https://static.acb.com/img/www/clubes2023/BASQUET-GIRONA-Logonegativo2223.png,#D5001E
CAZ,LLT,Visitante,Jor. 14,9.7,1.3,1,4.7,13.3,4.6,0.6,1.4,1.2,2.2,10.4,0.8,3.6,0.8,11.6,10.3,1.7,0.7,3.7,13.3,12.2,2.2,3.2,1,13.5,5.2,0.2,1,0.6,6,104174,Casademont Zaragoza,https://static.acb.com/img/www/clubes2024/2425CasademontZaragoza.png,#C8102E,La Laguna Tenerife,https://static.acb.com/img/www/clubes2024/2425LaLagunaTenerifeLogo.png,#E9CD5F
COR,Todos,Todas,Jor. NA,8,1,2,5,9,7,1,2,1,5,7,0,4,1,9,8,1,2,4,10,8,1,3,2,8,8,1,3,1,9,NA,Leyma Coruña,https://static.acb.com/img/www/clubes2024/2425BCoruna.png,#E85204,NA,NA,NA
COR,Todos,Todas Local,Jor. NA,8,1,2,4,8,6,1,3,1,6,8,0,4,1,10,9,1,2,4,10,8,1,3,2,8,7,1,3,1,9,NA,Leyma Coruña,https://static.acb.com/img/www/clubes2024/2425BCoruna.png,#E85204,NA,NA,NA
COR,Todos,Todas  Visitante,Jor. NA,9,2,2,5,10,7,1,2,1,5,7,0,4,1,9,6,0,2,4,9,8,1,2,1,9,9,1,3,1,9,NA,Leyma Coruña,https://static.acb.com/img/www/clubes2024/2425BCoruna.png,#E85204,NA,NA,NA
COR,RMB,Local,Jor. 1,12.7,2.3,1.3,2.3,11,6,1.2,3.2,2.2,5,4.8,0.2,2.8,1,5.8,12,2,2,2,13.5,7,0.7,1.2,1,6.7,4.8,0.2,3.5,1,7.8,104060,Leyma Coruña,https://static.acb.com/img/www/clubes2024/2425BCoruna.png,#E85204,Real Madrid,https://static.acb.com/img/www/clubes2023/RealMadridLogo202223.png,#FFFFFF
COR,DGC,Visitante,Jor. 2,4.7,0.7,1.3,4.3,7,6.2,0.8,2.8,1,3.8,6.6,0.2,4.6,0.2,7.8,5,1,3.5,3,8.5,7,0.6,2.2,1.6,8,7,0.6,2.2,0.6,6.4,104066,Leyma Coruña,https://static.acb.com/img/www/clubes2024/2425BCoruna.png,#E85204,Dreamland Gran Canaria,https://static.acb.com/img/25/56/4a/75557.png,#FFB718
COR,MBA,Visitante,Jor. 3,11.5,2,1.5,5.5,16.5,7.6,1.4,2.4,1,3.4,5.2,0.8,3.4,1,5.6,5.5,1,0.8,2.8,7.2,12,1.5,2,1.2,12.2,10.5,1.2,4.8,1,12.8,104072,Leyma Coruña,https://static.acb.com/img/www/clubes2024/2425BCoruna.png,#E85204,MoraBanc Andorra,https://static.acb.com/img/10/45/4d/75539.png,#0165BA
COR,UNI,Local,Jor. 4,3,0.5,3,7,5,7,1,2.2,1.2,7,10.5,0.5,4.5,2.2,14,7.7,1,0.3,2.7,8,8.4,1.4,2.6,2,8.2,6.2,0.8,4,0.8,8,104080,Leyma Coruña,https://static.acb.com/img/www/clubes2024/2425BCoruna.png,#E85204,Unicaja,https://static.acb.com/img/www/clubes2024/2324UnicajaLogo.png,#3D9C35
COR,CAZ,Local,Jor. 5,11.5,2.5,2.5,7,16.5,6.6,0.6,2.4,1.2,7.2,10.8,0.8,4,2.6,15.2,7.5,1,1,4.5,7,6.8,1.2,1.4,2,5.6,7.8,0.8,3,0.8,8.4,104091,Leyma Coruña,https://static.acb.com/img/www/clubes2024/2425BCoruna.png,#E85204,Casademont Zaragoza,https://static.acb.com/img/www/clubes2024/2425CasademontZaragoza.png,#C8102E
COR,BAR,Visitante,Jor. 6,7.5,2.5,1,5,4.5,6.2,1,2,0.8,3.4,6.8,0.2,3.6,1.2,6.8,10.5,0.5,3.5,2.5,15.5,7,0.6,2.2,1.6,8,10,1.4,3,0.8,12.8,104103,Leyma Coruña,https://static.acb.com/img/www/clubes2024/2425BCoruna.png,#E85204,Barça,https://static.acb.com/img/www/clubes2024/2324BarcaLogoweb.png,#154284
COR,LLT,Local,Jor. 7,3.5,0.5,0.5,3,1,5.2,0.2,1.6,0.2,3.6,5.8,0.2,2.4,2,7.8,14,2,2.7,3.3,18,6.2,1.2,5.5,2,7.8,4,0.2,1.8,0.8,4.6,104113,Leyma Coruña,https://static.acb.com/img/www/clubes2024/2425BCoruna.png,#E85204,La Laguna Tenerife,https://static.acb.com/img/www/clubes2024/2425LaLagunaTenerifeLogo.png,#E9CD5F
COR,COV,Visitante,Jor. 8,9.5,1.5,0.5,4.5,5.5,7.5,1.8,2.5,0.2,4.8,5.6,0.2,4.4,1.2,10.8,6,0,3,9,11,6.3,1,2.2,1.2,5.5,9,0.2,2.2,0.5,10,104116,Leyma Coruña,https://static.acb.com/img/www/clubes2024/2425BCoruna.png,#E85204,Coviran Granada,https://static.acb.com/img/www/clubes2023/coviran-granada_logopositivo.png,#C2213C
COR,HIO,Visitante,Jor. 9,10.5,1,3,7.5,15.5,8.6,1.4,2.4,1,7.6,8.4,1,3.8,1.2,10.4,4,0,1,4,9,9.1,1.6,2,1.9,9.1,10.3,2.3,1.7,1,6.7,104130,Leyma Coruña,https://static.acb.com/img/www/clubes2024/2425BCoruna.png,#E85204,Hiopos Lleida,https://static.acb.com/img/www/clubes2024/2425HioposLleida_positivo.png,#AB1254
COR,BAX,Local,Jor. 10,11.5,1,2,2.5,11.5,4.2,0.8,1.6,0.4,2.6,6,0.4,4.6,0.8,7.6,10.3,2,4.3,2.7,10.7,10,1.3,4,1.3,12,5.6,0.4,2.6,1.6,5,104134,Leyma Coruña,https://static.acb.com/img/www/clubes2024/2425BCoruna.png,#E85204,BAXI Manresa,https://static.acb.com/img/5b/60/d/75575.png,#B32836
COR,GIR,Visitante,Jor. 11,8.3,1.7,1.7,3,9.7,7,0.4,2,1.2,8.4,9.5,0.5,4.8,2.2,11.8,5.2,0.5,0.8,2.2,2,9.2,0.6,2.6,1.4,8.4,4.7,0,1.7,0,7.7,104144,Leyma Coruña,https://static.acb.com/img/www/clubes2024/2425BCoruna.png,#E85204,Bàsquet Girona,https://static.acb.com/img/www/clubes2023/BASQUET-GIRONA-Logonegativo2223.png,#D5001E
COR,JOV,Local,Jor. 12,5.3,1,0.3,4.7,5.7,7.5,0.8,3,0.5,8.2,7.8,0,3.2,0.6,10,8,1,1.5,5,7.5,4,1,2.5,1,1.8,18,2.7,4,0.3,20.7,104155,Leyma Coruña,https://static.acb.com/img/www/clubes2024/2425BCoruna.png,#E85204,Joventut Badalona,https://static.acb.com/img/e/53/16/1453195579.png,#2F8E62
COR,SBB,Local,Jor. 13,7,1.7,1.3,2.3,7,7.3,0.3,3.7,0.7,5.7,7.2,0.6,4.2,1.2,9.2,3.5,0.5,3.5,7.5,8.5,15.8,3.5,3.2,2.5,17.2,6,1,2.4,0.2,5.2,104162,Leyma Coruña,https://static.acb.com/img/www/clubes2024/2425BCoruna.png,#E85204,Surne Bilbao Basket,https://static.acb.com/img/www/clubes2022/logo_surnebb_neg.png,#000000
COV,Todos,Todas,Jor. NA,6,1,2,4,8,6,1,2,1,5,7,0,3,1,8,7,1,2,3,6,8,1,3,1,7,7,0,4,1,9,NA,Coviran Granada,https://static.acb.com/img/www/clubes2023/coviran-granada_logopositivo.png,#C2213C,NA,NA,NA
COV,Todos,Todas Local,Jor. NA,6,1,2,5,8,6,1,2,1,5,6,0,3,1,7,8,1,2,3,8,7,1,3,1,6,8,0,4,1,11,NA,Coviran Granada,https://static.acb.com/img/www/clubes2023/coviran-granada_logopositivo.png,#C2213C,NA,NA,NA
COV,Todos,Todas  Visitante,Jor. NA,7,1,2,3,7,6,1,2,1,5,7,0,4,1,8,5,0,2,3,5,8,1,3,1,8,6,0,3,1,9,NA,Coviran Granada,https://static.acb.com/img/www/clubes2023/coviran-granada_logopositivo.png,#C2213C,NA,NA,NA
COV,BAR,Visitante,Jor. 1,12,2,3,3.5,14,3.8,0.5,2.3,0.8,0.3,4.5,0.5,2.5,0.2,4,4.3,0.3,4,3.7,7,9.8,1.2,1.8,1,11,7.8,0.4,2,0.6,10.2,104056,Coviran Granada,https://static.acb.com/img/www/clubes2023/coviran-granada_logopositivo.png,#C2213C,Barça,https://static.acb.com/img/www/clubes2024/2324BarcaLogoweb.png,#154284
COV,UNI,Local,Jor. 2,5.5,1.5,2.5,5.5,9.5,6.3,0.8,2,0.2,4.3,4.8,0.5,1.5,0.5,3.8,10.5,0.5,1,4.5,12.5,4.2,0.2,3,1.6,5,8.4,0.8,4.2,1,9.4,104068,Coviran Granada,https://static.acb.com/img/www/clubes2023/coviran-granada_logopositivo.png,#C2213C,Unicaja,https://static.acb.com/img/www/clubes2024/2324UnicajaLogo.png,#3D9C35
COV,GIR,Visitante,Jor. 3,5.5,0.5,3,4,11,7.3,1.3,4.2,0.8,8,9,0.3,5.7,1.3,12,6.3,0.7,2,2.3,0.7,3,0,2.8,0,2.5,4.2,0.2,2.4,0.6,4,104073,Coviran Granada,https://static.acb.com/img/www/clubes2023/coviran-granada_logopositivo.png,#C2213C,Bàsquet Girona,https://static.acb.com/img/www/clubes2023/BASQUET-GIRONA-Logonegativo2223.png,#D5001E
COV,LLT,Local,Jor. 4,4,0.5,1,5.5,5.5,7,1.2,1.3,0.7,5.8,6.2,0.2,2.5,0.5,6,3.3,0.3,0.3,3.3,0.7,12.7,2.3,3.7,1,15,7,0,2.4,0.2,8.8,104085,Coviran Granada,https://static.acb.com/img/www/clubes2023/coviran-granada_logopositivo.png,#C2213C,La Laguna Tenerife,https://static.acb.com/img/www/clubes2024/2425LaLagunaTenerifeLogo.png,#E9CD5F
COV,MBA,Visitante,Jor. 5,5.5,0.5,2,2.5,5.5,5,0.7,2.2,1.2,2.7,7.5,0.5,3.5,1,7.5,5.3,0.7,1,5,8.3,8.4,0.8,1.4,0.6,5.2,7.2,0,4.8,0.8,14.8,104090,Coviran Granada,https://static.acb.com/img/www/clubes2023/coviran-granada_logopositivo.png,#C2213C,MoraBanc Andorra,https://static.acb.com/img/10/45/4d/75539.png,#0165BA
COV,SBB,Local,Jor. 6,7,1,0,5.5,11.5,6,0.7,1.5,0.7,4.7,5.5,0,3,0.8,3.5,11,0.5,3,3.5,16.5,5.8,0.6,1.8,1.6,3.8,6.6,0.4,3.4,0.8,8.2,104100,Coviran Granada,https://static.acb.com/img/www/clubes2023/coviran-granada_logopositivo.png,#C2213C,Surne Bilbao Basket,https://static.acb.com/img/www/clubes2022/logo_surnebb_neg.png,#000000
COV,BAX,Visitante,Jor. 7,9,1,1,4,6,7,1.2,2.2,0.5,3.7,6.5,0.2,3.2,0.8,8.2,7.7,0,2.7,2.3,4.7,7,1.2,4,0.2,7.2,8.4,0.2,3.4,0.4,11.2,104106,Coviran Granada,https://static.acb.com/img/www/clubes2023/coviran-granada_logopositivo.png,#C2213C,BAXI Manresa,https://static.acb.com/img/5b/60/d/75575.png,#B32836
COV,COR,Local,Jor. 8,6,0,3,9,11,6.3,1,2.2,1.2,5.5,9,0.2,2.2,0.5,10,9.5,1.5,0.5,4.5,5.5,7.5,1.8,2.5,0.2,4.8,5.6,0.2,4.4,1.2,10.8,104116,Coviran Granada,https://static.acb.com/img/www/clubes2023/coviran-granada_logopositivo.png,#C2213C,Leyma Coruña,https://static.acb.com/img/www/clubes2024/2425BCoruna.png,#E85204
COV,BRE,Visitante,Jor. 9,5.5,1,0.5,4,6,8.3,1.3,2.5,1.5,8.2,7.8,0,4.8,0.8,11.2,5.7,0.7,0.7,2,5.3,8.7,1,3.7,0.7,4.7,6.2,0.2,2.6,1.2,7,104125,Coviran Granada,https://static.acb.com/img/www/clubes2023/coviran-granada_logopositivo.png,#C2213C,Río Breogán,https://static.acb.com/logos/1718/breogan_00.png,#85ADEA
COV,JOV,Local,Jor. 10,9.5,2,2,2,11,7.3,1.2,2.5,1.3,7.7,6,0.2,4.5,1.2,6.8,7,0.5,2,2,6.5,4.6,0.6,2.6,0.4,1.8,13.3,0.7,5.3,1.3,17,104139,Coviran Granada,https://static.acb.com/img/www/clubes2023/coviran-granada_logopositivo.png,#C2213C,Joventut Badalona,https://static.acb.com/img/e/53/16/1453195579.png,#2F8E62
COV,BKN,Local,Jor. 11,5,1,1,3.5,2.5,5.5,0.3,1.8,1.5,4.8,7.5,0,4.2,0.5,11.2,6,0.7,2.3,2.7,6,5.6,0.4,2.4,0.8,4.8,7.2,0.2,4,0.2,9.2,104148,Coviran Granada,https://static.acb.com/img/www/clubes2023/coviran-granada_logopositivo.png,#C2213C,Baskonia,https://static.acb.com/logos/1718/baskonia_00.png,#C8102E
COV,HIO,Visitante,Jor. 12,2.5,0.5,2,1,1,5.7,1.2,2,1.5,4.5,8.8,1,3,0.8,7.8,5.5,0,2.5,3,10,9,1.3,2.7,1.3,9,5.5,0.2,4,0.8,6.2,104152,Coviran Granada,https://static.acb.com/img/www/clubes2023/coviran-granada_logopositivo.png,#C2213C,Hiopos Lleida,https://static.acb.com/img/www/clubes2024/2425HioposLleida_positivo.png,#AB1254
COV,UCM,Visitante,Jor. 13,7.5,1.5,0.5,1,5.5,7.5,1.3,1.8,0.7,6.3,5.2,0,3.2,0.8,5.5,3,0.3,0.7,1.3,0.7,12,1,4.8,2,15.5,4.8,0,2.8,1.8,6.5,104165,Coviran Granada,https://static.acb.com/img/www/clubes2023/coviran-granada_logopositivo.png,#C2213C,UCAM Murcia,https://static.acb.com/img/www/clubes2024/2425UCAMMurcianegativo.png,#A51A14
DGC,Todos,Todas,Jor. NA,7,1,2,3,9,8,1,2,2,7,6,1,3,1,7,9,1,2,3,11,7,1,2,1,5,7,1,4,1,8,NA,Dreamland Gran Canaria,https://static.acb.com/img/25/56/4a/75557.png,#FFB718,NA,NA,NA
DGC,Todos,Todas Local,Jor. NA,7,1,2,3,10,8,1,2,2,9,6,1,3,1,7,8,1,2,3,10,7,1,2,1,5,7,1,4,1,8,NA,Dreamland Gran Canaria,https://static.acb.com/img/25/56/4a/75557.png,#FFB718,NA,NA,NA
DGC,Todos,Todas  Visitante,Jor. NA,7,1,2,3,8,7,1,2,1,6,6,1,3,1,7,10,1,2,4,12,6,1,2,1,4,6,0,4,1,8,NA,Dreamland Gran Canaria,https://static.acb.com/img/25/56/4a/75557.png,#FFB718,NA,NA,NA
DGC,MBA,Visitante,Jor. 1,11,2,2.5,3.5,12.5,6,0.6,1.4,1.2,6.2,7.8,0.6,3.6,1.2,10.4,6,1,2,2,6,8.8,1,2.2,0.2,5.8,2.2,0,4.2,0,1.8,104054,Dreamland Gran Canaria,https://static.acb.com/img/25/56/4a/75557.png,#FFB718,MoraBanc Andorra,https://static.acb.com/img/10/45/4d/75539.png,#0165BA
DGC,COR,Local,Jor. 2,5,1,3.5,3,8.5,7,0.6,2.2,1.6,8,7,0.6,2.2,0.6,6.4,4.7,0.7,1.3,4.3,7,6.2,0.8,2.8,1,3.8,6.6,0.2,4.6,0.2,7.8,104066,Dreamland Gran Canaria,https://static.acb.com/img/25/56/4a/75557.png,#FFB718,Leyma Coruña,https://static.acb.com/img/www/clubes2024/2425BCoruna.png,#E85204
DGC,BAX,Visitante,Jor. 3,3.5,0,1.5,2,4.5,5.6,0.4,2.8,0.6,4,4.6,0.4,4.2,0.8,4.4,7.7,1.3,2.7,2,7,4,0.8,1.5,0.5,0.5,8,0.4,4.8,1,11.4,104075,Dreamland Gran Canaria,https://static.acb.com/img/25/56/4a/75557.png,#FFB718,BAXI Manresa,https://static.acb.com/img/5b/60/d/75575.png,#B32836
DGC,SBB,Local,Jor. 4,6.5,1,3,1.5,9.5,9.2,0.8,3,1.4,10.8,4.2,0.6,3,0.8,4.6,11,1.5,1.5,3,14,3.2,0.8,2,0.8,0,5.8,0.4,2.6,0.8,5.8,104081,Dreamland Gran Canaria,https://static.acb.com/img/25/56/4a/75557.png,#FFB718,Surne Bilbao Basket,https://static.acb.com/img/www/clubes2022/logo_surnebb_neg.png,#000000
DGC,LLT,Visitante,Jor. 5,7.5,1.5,1.5,3.5,7.5,5.8,0.6,2,0.6,5.2,6,0.8,3,0.4,6.4,8.7,0.7,0.7,5.3,11.3,5.5,1,1.5,0.5,5,8.5,0.2,4.2,0.8,11.8,104093,Dreamland Gran Canaria,https://static.acb.com/img/25/56/4a/75557.png,#FFB718,La Laguna Tenerife,https://static.acb.com/img/www/clubes2024/2425LaLagunaTenerifeLogo.png,#E9CD5F
DGC,BKN,Local,Jor. 6,4,0,2,5.5,5.5,7.6,0.8,2.4,2.6,8.4,9.2,1,3.8,0.2,10.6,10.5,1.5,3,0.5,10.5,10.5,1.2,2.2,1.5,9,4.6,0.4,3.4,1,7,104104,Dreamland Gran Canaria,https://static.acb.com/img/25/56/4a/75557.png,#FFB718,Baskonia,https://static.acb.com/logos/1718/baskonia_00.png,#C8102E
DGC,RMB,Visitante,Jor. 7,6,1,2.5,2.5,9.5,9.4,1.6,1.4,1,5.6,3.6,0,4,1.6,5.6,20,2,3,9,33,6.1,1.1,1.7,0.6,6,5,0.2,2.8,0.2,5.5,104111,Dreamland Gran Canaria,https://static.acb.com/img/25/56/4a/75557.png,#FFB718,Real Madrid,https://static.acb.com/img/www/clubes2023/RealMadridLogo202223.png,#FFFFFF
DGC,GIR,Local,Jor. 8,10.5,2,1.5,2,13,8.4,1.2,2.4,2.8,9.8,5.2,0.6,2,0.4,4,11.7,1.7,3.3,2.7,14,9.5,1.2,3,1.8,9.5,3.7,0,3,0.3,4,104120,Dreamland Gran Canaria,https://static.acb.com/img/25/56/4a/75557.png,#FFB718,Bàsquet Girona,https://static.acb.com/img/www/clubes2023/BASQUET-GIRONA-Logonegativo2223.png,#D5001E
DGC,UCM,Visitante,Jor. 9,4.5,0.5,3.5,3,4.5,9,1.6,2.8,0.8,11,5.8,0.8,3.2,0.8,4.4,3,1,0,0.5,1,5.4,0.8,1.4,1.6,4.4,6,0.4,3,0.6,8,104129,Dreamland Gran Canaria,https://static.acb.com/img/25/56/4a/75557.png,#FFB718,UCAM Murcia,https://static.acb.com/img/www/clubes2024/2425UCAMMurcianegativo.png,#A51A14
DGC,BRE,Local,Jor. 10,5.5,1,1,1.5,7,5.6,0.6,1.6,1.8,4,6.8,0.4,3.2,0.4,8.6,6,0.8,1.5,1.5,9,8,2,2.3,1.3,2.7,6.8,0.4,4.2,1,7,104138,Dreamland Gran Canaria,https://static.acb.com/img/25/56/4a/75557.png,#FFB718,Río Breogán,https://static.acb.com/logos/1718/breogan_00.png,#85ADEA
DGC,UNI,Visitante,Jor. 11,9,2.5,2,1,11,7,0.8,1.6,2,5.4,8.2,0.8,3.8,1.4,9.8,16.3,2.3,2,3,18.3,5.8,0.5,2.2,1,2.5,3.2,0.2,3,0.6,3.6,104145,Dreamland Gran Canaria,https://static.acb.com/img/25/56/4a/75557.png,#FFB718,Unicaja,https://static.acb.com/img/www/clubes2024/2324UnicajaLogo.png,#3D9C35
DGC,CAZ,Local,Jor. 12,9.5,1.5,0.5,2.5,10.5,11.6,1,2.6,1.4,12.6,3.8,0.2,2.2,1.2,5,7.3,1.7,1.7,5,9.3,5.8,1.4,1.6,1,4.2,11.5,1,3.5,1,13,104156,Dreamland Gran Canaria,https://static.acb.com/img/25/56/4a/75557.png,#FFB718,Casademont Zaragoza,https://static.acb.com/img/www/clubes2024/2425CasademontZaragoza.png,#C8102E
DGC,VBC,Local,Jor. 13,10.5,0.5,3.5,3.5,13.5,8.5,1,3.2,2,6.5,8.4,0.6,1.8,0,9.4,6.8,0.2,0.8,3.2,6.8,7.8,1,2.5,1.2,8,9,2.2,5.5,0.8,9,104161,Dreamland Gran Canaria,https://static.acb.com/img/25/56/4a/75557.png,#FFB718,Valencia Basket,https://static.acb.com/img/23/2/25/1654748673.png,#FC6C0F
DGC,JOV,Visitante,Jor. 14,7.5,1.5,1.5,3,8,7,1,2.8,2.2,6.8,5.6,0.6,2.2,0.4,7,5.5,0.5,2,3.5,9,7,1,2.2,1.2,5.7,12,1.3,7,2,15,104170,Dreamland Gran Canaria,https://static.acb.com/img/25/56/4a/75557.png,#FFB718,Joventut Badalona,https://static.acb.com/img/e/53/16/1453195579.png,#2F8E62
GIR,Todos,Todas,Jor. NA,9,1,2,2,8,7,1,3,1,6,5,0,3,0,5,8,1,2,3,10,7,1,3,1,7,8,0,4,1,10,NA,Bàsquet Girona,https://static.acb.com/img/www/clubes2023/BASQUET-GIRONA-Logonegativo2223.png,#D5001E,NA,NA,NA
GIR,Todos,Todas Local,Jor. NA,9,1,2,3,7,7,1,3,1,6,5,0,4,0,7,8,1,2,3,9,7,1,2,1,6,8,0,5,1,11,NA,Bàsquet Girona,https://static.acb.com/img/www/clubes2023/BASQUET-GIRONA-Logonegativo2223.png,#D5001E,NA,NA,NA
GIR,Todos,Todas  Visitante,Jor. NA,10,1,2,2,8,7,1,3,1,6,4,0,3,0,4,9,1,1,3,11,7,1,3,2,8,7,0,3,1,9,NA,Bàsquet Girona,https://static.acb.com/img/www/clubes2023/BASQUET-GIRONA-Logonegativo2223.png,#D5001E,NA,NA,NA
GIR,UNI,Visitante,Jor. 1,10.8,1,1.8,1.8,9.2,4.3,0.3,2.7,0.3,3.7,4.2,0,3,0.5,2.5,10.3,2,1.3,3.3,11.3,7,0.8,1.8,0.8,4.2,6.2,0.6,3.6,1.6,9.6,104053,Bàsquet Girona,https://static.acb.com/img/www/clubes2023/BASQUET-GIRONA-Logonegativo2223.png,#D5001E,Unicaja,https://static.acb.com/img/www/clubes2024/2324UnicajaLogo.png,#3D9C35
GIR,BAX,Local,Jor. 2,9,0.2,1.5,3.8,11,6.8,1.2,4.2,0.5,5,5.2,0.2,3.8,0,5.8,6,1,1.3,2,1,6,0.5,2,1.5,6,7.6,0.4,5.4,0.8,11.2,104067,Bàsquet Girona,https://static.acb.com/img/www/clubes2023/BASQUET-GIRONA-Logonegativo2223.png,#D5001E,BAXI Manresa,https://static.acb.com/img/5b/60/d/75575.png,#B32836
GIR,COV,Local,Jor. 3,6.3,0.7,2,2.3,0.7,3,0,2.8,0,2.5,4.2,0.2,2.4,0.6,4,5.5,0.5,3,4,11,7.3,1.3,4.2,0.8,8,9,0.3,5.7,1.3,12,104073,Bàsquet Girona,https://static.acb.com/img/www/clubes2023/BASQUET-GIRONA-Logonegativo2223.png,#D5001E,Coviran Granada,https://static.acb.com/img/www/clubes2023/coviran-granada_logopositivo.png,#C2213C
GIR,RMB,Visitante,Jor. 4,14,2.7,2.7,2.3,13,5,0.3,2.3,0.7,2,1.6,0,2.2,0.4,0.6,14,2,1,5,22,8.7,0.9,2.9,1.4,9.9,5,0,3,0.2,7.2,104083,Bàsquet Girona,https://static.acb.com/img/www/clubes2023/BASQUET-GIRONA-Logonegativo2223.png,#D5001E,Real Madrid,https://static.acb.com/img/www/clubes2023/RealMadridLogo202223.png,#FFFFFF
GIR,UCM,Local,Jor. 5,10.3,1.3,1.7,2.3,6,8.7,1,3.7,1,7,3.6,0,2.2,0,4.8,11.5,1.5,2,2.5,15.5,6.2,0.6,1.2,1.6,3.2,5.6,0,4,0.2,6.4,104088,Bàsquet Girona,https://static.acb.com/img/www/clubes2023/BASQUET-GIRONA-Logonegativo2223.png,#D5001E,UCAM Murcia,https://static.acb.com/img/www/clubes2024/2425UCAMMurcianegativo.png,#A51A14
GIR,JOV,Visitante,Jor. 6,7,0.7,0.7,2,3.7,8,1.3,3.3,1.7,10,5.8,0.5,2,0,4,4,0,1,3.3,3.3,5.8,1.2,4,1.6,7.6,10.5,0.2,2.8,1.2,12.5,104097,Bàsquet Girona,https://static.acb.com/img/www/clubes2023/BASQUET-GIRONA-Logonegativo2223.png,#D5001E,Joventut Badalona,https://static.acb.com/img/e/53/16/1453195579.png,#2F8E62
GIR,SBB,Local,Jor. 7,13,1.3,3.7,3.7,13.7,10,1.8,2.8,0.5,9.2,5.2,0.2,3.2,0,6,12,1.5,2,3.5,10,5.4,0.6,2,1.4,2.6,8.6,0.2,3.8,0.2,9.8,104110,Bàsquet Girona,https://static.acb.com/img/www/clubes2023/BASQUET-GIRONA-Logonegativo2223.png,#D5001E,Surne Bilbao Basket,https://static.acb.com/img/www/clubes2022/logo_surnebb_neg.png,#000000
GIR,DGC,Visitante,Jor. 8,11.7,1.7,3.3,2.7,14,9.5,1.2,3,1.8,9.5,3.7,0,3,0.3,4,10.5,2,1.5,2,13,8.4,1.2,2.4,2.8,9.8,5.2,0.6,2,0.4,4,104120,Bàsquet Girona,https://static.acb.com/img/www/clubes2023/BASQUET-GIRONA-Logonegativo2223.png,#D5001E,Dreamland Gran Canaria,https://static.acb.com/img/25/56/4a/75557.png,#FFB718
GIR,MBA,Local,Jor. 9,11.5,0.8,1.5,2.2,11,4.2,0.6,2.4,1.4,2,9,0,8,0,14,4.5,0.5,1.5,3.5,6.8,10.4,1.4,2.2,0.6,8,9.3,1,5,0.7,12.3,104127,Bàsquet Girona,https://static.acb.com/img/www/clubes2023/BASQUET-GIRONA-Logonegativo2223.png,#D5001E,MoraBanc Andorra,https://static.acb.com/img/10/45/4d/75539.png,#0165BA
GIR,VBC,Visitante,Jor. 10,9,1.2,1,3.2,6.2,5,1,2.4,0.6,3.6,5.7,0,4.7,0,10,9.5,1.5,1.5,4.2,12,6.2,1.2,2.8,0.5,6.8,8.8,1,4.5,1.5,11,104136,Bàsquet Girona,https://static.acb.com/img/www/clubes2023/BASQUET-GIRONA-Logonegativo2223.png,#D5001E,Valencia Basket,https://static.acb.com/img/23/2/25/1654748673.png,#FC6C0F
GIR,COR,Local,Jor. 11,5.2,0.5,0.8,2.2,2,9.2,0.6,2.6,1.4,8.4,4.7,0,1.7,0,7.7,8.3,1.7,1.7,3,9.7,7,0.4,2,1.2,8.4,9.5,0.5,4.8,2.2,11.8,104144,Bàsquet Girona,https://static.acb.com/img/www/clubes2023/BASQUET-GIRONA-Logonegativo2223.png,#D5001E,Leyma Coruña,https://static.acb.com/img/www/clubes2024/2425BCoruna.png,#E85204
GIR,BRE,Visitante,Jor. 12,8.8,1.2,3,2.5,9.8,8.5,1.5,4.5,1,7.8,1.2,0,1.5,0.8,1,7,0.8,1.2,1.2,6.5,7.3,1,3.3,3.7,8.3,5.4,0.4,2.4,0.2,6.2,104151,Bàsquet Girona,https://static.acb.com/img/www/clubes2023/BASQUET-GIRONA-Logonegativo2223.png,#D5001E,Río Breogán,https://static.acb.com/logos/1718/breogan_00.png,#85ADEA
GIR,CAZ,Visitante,Jor. 13,5.2,0.5,1.8,1,2.8,7.2,1,3.5,1.2,6,4.5,0.2,2.8,0.5,4,5,0,1.3,4,7.3,7.2,0.8,3.8,1.2,7.6,10.8,0.4,4.6,1.2,14.8,104166,Bàsquet Girona,https://static.acb.com/img/www/clubes2023/BASQUET-GIRONA-Logonegativo2223.png,#D5001E,Casademont Zaragoza,https://static.acb.com/img/www/clubes2024/2425CasademontZaragoza.png,#C8102E
HIO,Todos,Todas,Jor. NA,6,0,2,3,8,8,1,2,2,7,6,1,3,1,5,8,1,2,4,10,8,1,3,1,7,7,1,4,1,9,NA,Hiopos Lleida,https://static.acb.com/img/www/clubes2024/2425HioposLleida_positivo.png,#AB1254,NA,NA,NA
HIO,Todos,Todas Local,Jor. NA,6,0,2,4,9,8,1,2,1,7,7,1,3,1,5,5,1,2,3,5,8,1,3,1,6,7,1,4,1,8,NA,Hiopos Lleida,https://static.acb.com/img/www/clubes2024/2425HioposLleida_positivo.png,#AB1254,NA,NA,NA
HIO,Todos,Todas  Visitante,Jor. NA,6,0,2,3,8,8,1,2,2,7,6,1,3,1,5,9,1,3,4,13,8,1,3,1,7,8,1,4,1,9,NA,Hiopos Lleida,https://static.acb.com/img/www/clubes2024/2425HioposLleida_positivo.png,#AB1254,NA,NA,NA
HIO,CAZ,Visitante,Jor. 1,4,0,2,1,5,8.8,1.5,2.5,2.2,10.2,5.3,1,1.7,0.3,2.7,12,0.5,3.5,6,18.5,6,1,2.4,0.8,1.6,9.4,0.8,4.8,0.6,12.2,104058,Hiopos Lleida,https://static.acb.com/img/www/clubes2024/2425HioposLleida_positivo.png,#AB1254,Casademont Zaragoza,https://static.acb.com/img/www/clubes2024/2425CasademontZaragoza.png,#C8102E
HIO,BAR,Local,Jor. 2,8,0,1,2,10,6.2,0.5,2.2,1,4.2,6.3,0.7,4.7,0.3,6.7,2,0,2.7,2,0.7,8.6,1.2,2.4,1.4,9.6,7.2,0.2,4.8,0.5,8.5,104069,Hiopos Lleida,https://static.acb.com/img/www/clubes2024/2425HioposLleida_positivo.png,#AB1254,Barça,https://static.acb.com/img/www/clubes2024/2324BarcaLogoweb.png,#154284
HIO,UNI,Visitante,Jor. 3,9,1,0,2,8,4.5,0.5,1.7,1.2,3.8,4,0,2,0.7,0.3,11.5,2,2.5,6,19.5,6.8,1.2,2.4,2.6,9,8.8,0.6,3.6,1.2,11.2,104071,Hiopos Lleida,https://static.acb.com/img/www/clubes2024/2425HioposLleida_positivo.png,#AB1254,Unicaja,https://static.acb.com/img/www/clubes2024/2324UnicajaLogo.png,#3D9C35
HIO,BAX,Local,Jor. 4,10,0,2,5,12,8,0.8,2,1.2,6.7,4.3,0.7,1,0.7,1.3,5.7,0.3,1,4.3,6.7,4.8,1,3.8,1,3.8,9,1,3,0.2,9.6,104084,Hiopos Lleida,https://static.acb.com/img/www/clubes2024/2425HioposLleida_positivo.png,#AB1254,BAXI Manresa,https://static.acb.com/img/5b/60/d/75575.png,#B32836
HIO,BRE,Visitante,Jor. 5,4,0,1,5,6,10,1.7,2.8,2.7,11.8,3.3,0.7,2,0.3,0.7,5,0.7,2,1.7,7,8.5,1.5,3,2.5,8.5,5.6,0.8,3,0.6,5.8,104095,Hiopos Lleida,https://static.acb.com/img/www/clubes2024/2425HioposLleida_positivo.png,#AB1254,Río Breogán,https://static.acb.com/logos/1718/breogan_00.png,#85ADEA
HIO,MBA,Local,Jor. 6,4,0,1,5,4,7,1.1,2.6,1.7,6.4,8.3,1.3,3,0,6,2.5,0.5,1.5,1,2.5,10,0.8,4.8,1.2,9.2,3.8,0,3.8,0.2,5.5,104102,Hiopos Lleida,https://static.acb.com/img/www/clubes2024/2425HioposLleida_positivo.png,#AB1254,MoraBanc Andorra,https://static.acb.com/img/10/45/4d/75539.png,#0165BA
HIO,BKN,Visitante,Jor. 7,3,0,0,7,3,8.6,1.1,1.9,1.1,7,11.3,2.3,5,1,13.7,11,0,3.5,2.5,14,9.3,1.7,3.3,0.8,10.3,5.5,0,2.8,0.8,5,104112,Hiopos Lleida,https://static.acb.com/img/www/clubes2024/2425HioposLleida_positivo.png,#AB1254,Baskonia,https://static.acb.com/logos/1718/baskonia_00.png,#C8102E
HIO,RMB,Visitante,Jor. 8,2,0,1,1,6,7.4,0.7,1.4,1.7,6,6.7,0.7,4.7,0.7,8.3,6.5,0.5,3,2.5,9,9.2,1.5,2.5,1.2,9.8,4.2,0.2,3.2,0.8,4.2,104119,Hiopos Lleida,https://static.acb.com/img/www/clubes2024/2425HioposLleida_positivo.png,#AB1254,Real Madrid,https://static.acb.com/img/www/clubes2023/RealMadridLogo202223.png,#FFFFFF
HIO,COR,Local,Jor. 9,4,0,1,4,9,9.1,1.6,2,1.9,9.1,10.3,2.3,1.7,1,6.7,10.5,1,3,7.5,15.5,8.6,1.4,2.4,1,7.6,8.4,1,3.8,1.2,10.4,104130,Hiopos Lleida,https://static.acb.com/img/www/clubes2024/2425HioposLleida_positivo.png,#AB1254,Leyma Coruña,https://static.acb.com/img/www/clubes2024/2425BCoruna.png,#E85204
HIO,LLT,Visitante,Jor. 10,7,0,4,2,14,8.3,1.6,1.6,2.4,8.3,5.7,0,2,0.7,5.3,10,1,1.7,4.7,13.3,7.8,1.2,1.8,0.8,6.5,6,0.2,2.4,0.6,8,104135,Hiopos Lleida,https://static.acb.com/img/www/clubes2024/2425HioposLleida_positivo.png,#AB1254,La Laguna Tenerife,https://static.acb.com/img/www/clubes2024/2425LaLagunaTenerifeLogo.png,#E9CD5F
HIO,SBB,Local,Jor. 11,5.5,0.5,4,6.5,11,8.2,1.5,2.3,1.3,9,6,0.5,1.5,0.5,3,8,2,2,1.5,4.5,8,1,1,2,3.3,5.2,0.2,4.8,0.4,8.6,104149,Hiopos Lleida,https://static.acb.com/img/www/clubes2024/2425HioposLleida_positivo.png,#AB1254,Surne Bilbao Basket,https://static.acb.com/img/www/clubes2022/logo_surnebb_neg.png,#000000
HIO,COV,Local,Jor. 12,5.5,0,2.5,3,10,9,1.3,2.7,1.3,9,5.5,0.2,4,0.8,6.2,2.5,0.5,2,1,1,5.7,1.2,2,1.5,4.5,8.8,1,3,0.8,7.8,104152,Hiopos Lleida,https://static.acb.com/img/www/clubes2024/2425HioposLleida_positivo.png,#AB1254,Coviran Granada,https://static.acb.com/img/www/clubes2023/coviran-granada_logopositivo.png,#C2213C
HIO,JOV,Visitante,Jor. 13,7,0.5,3,1,8.5,5.8,0.8,1.8,1.8,5.5,5.8,0.2,3.2,0.2,2.8,11,1.5,2.5,3.5,12.5,5.5,1.2,2.7,1.2,4.5,12.3,1,5.7,0.3,17,104160,Hiopos Lleida,https://static.acb.com/img/www/clubes2024/2425HioposLleida_positivo.png,#AB1254,Joventut Badalona,https://static.acb.com/img/e/53/16/1453195579.png,#2F8E62
HIO,VBC,Visitante,Jor. 14,10,1.5,1.5,2,12,7,0.8,1.8,2,6.7,7.5,1.5,4.2,1,7.5,8.3,1.7,2.3,5.7,13.7,10,1.5,3.8,1,9,8.4,1.2,3.8,0.8,9,104169,Hiopos Lleida,https://static.acb.com/img/www/clubes2024/2425HioposLleida_positivo.png,#AB1254,Valencia Basket,https://static.acb.com/img/23/2/25/1654748673.png,#FC6C0F
JOV,Todos,Todas,Jor. NA,6,1,2,3,6,6,1,2,1,6,11,1,5,1,13,8,1,2,3,8,7,1,3,1,7,6,0,3,1,7,NA,Joventut Badalona,https://static.acb.com/img/e/53/16/1453195579.png,#2F8E62,NA,NA,NA
JOV,Todos,Todas Local,Jor. NA,6,1,2,3,7,7,1,3,1,7,10,0,5,1,12,7,1,2,2,7,8,1,3,2,8,6,0,3,1,6,NA,Joventut Badalona,https://static.acb.com/img/e/53/16/1453195579.png,#2F8E62,NA,NA,NA
JOV,Todos,Todas  Visitante,Jor. NA,6,1,1,3,6,6,1,2,1,5,12,1,5,1,14,10,1,2,3,10,7,1,2,1,6,6,0,4,1,8,NA,Joventut Badalona,https://static.acb.com/img/e/53/16/1453195579.png,#2F8E62,NA,NA,NA
JOV,UCM,Local,Jor. 1,6,0.7,2,2,6.3,8.2,0.6,2.8,1,9.2,8,0.5,3.2,1.8,10.2,3.3,0.7,1.7,1,1.7,10.2,1,1.2,1.8,9.2,5,0,2.6,1,6.4,104052,Joventut Badalona,https://static.acb.com/img/e/53/16/1453195579.png,#2F8E62,UCAM Murcia,https://static.acb.com/img/www/clubes2024/2425UCAMMurcianegativo.png,#A51A14
JOV,VBC,Visitante,Jor. 2,5.3,0.7,0.7,2.3,2.7,3.6,0.6,0.8,0.6,0.2,6.5,1,5.5,0.5,9.8,5.7,0.3,2,3,6.3,9,0.5,3,2,9.5,6.2,0.4,4.6,0.6,7.4,104064,Joventut Badalona,https://static.acb.com/img/e/53/16/1453195579.png,#2F8E62,Valencia Basket,https://static.acb.com/img/23/2/25/1654748673.png,#FC6C0F
JOV,CAZ,Visitante,Jor. 3,9,1,1.7,2.3,11,7.4,0.8,2,1.6,9.4,7.8,0.8,3,0.8,3.8,15.5,1.5,2.5,5.5,18,3.8,0.4,1.6,0.6,-0.2,9.2,1.2,4.6,0.6,11.4,104077,Joventut Badalona,https://static.acb.com/img/e/53/16/1453195579.png,#2F8E62,Casademont Zaragoza,https://static.acb.com/img/www/clubes2024/2425CasademontZaragoza.png,#C8102E
JOV,BRE,Local,Jor. 4,3.3,0.3,1.3,2,2.3,5,0.8,2.8,1,6,8.8,0,4.2,0.8,8.8,4,0.3,1,1,2.3,10.3,1.7,6.3,3,14.3,6.6,0.8,3.2,0.8,6.6,104079,Joventut Badalona,https://static.acb.com/img/e/53/16/1453195579.png,#2F8E62,Río Breogán,https://static.acb.com/logos/1718/breogan_00.png,#85ADEA
JOV,BKN,Visitante,Jor. 5,5.3,0.3,2,2.3,7.3,6.2,1,1.6,1.8,5.6,11.7,1,5.7,1,15.7,10.7,1,1,1.3,6.7,7.5,1.5,2.2,0.5,4.5,3.4,0.4,4.2,1.6,8.6,104089,Joventut Badalona,https://static.acb.com/img/e/53/16/1453195579.png,#2F8E62,Baskonia,https://static.acb.com/logos/1718/baskonia_00.png,#C8102E
JOV,GIR,Local,Jor. 6,4,0,1,3.3,3.3,5.8,1.2,4,1.6,7.6,10.5,0.2,2.8,1.2,12.5,7,0.7,0.7,2,3.7,8,1.3,3.3,1.7,10,5.8,0.5,2,0,4,104097,Joventut Badalona,https://static.acb.com/img/e/53/16/1453195579.png,#2F8E62,Bàsquet Girona,https://static.acb.com/img/www/clubes2023/BASQUET-GIRONA-Logonegativo2223.png,#D5001E
JOV,UNI,Local,Jor. 7,3.7,0,3,2,5.7,8.8,1.6,3,1,6.8,6.7,0,4,2,11,6.3,1,0.3,3,6,6.7,0.3,2.3,1.7,7,6.7,0.7,3.7,0.8,7,104109,Joventut Badalona,https://static.acb.com/img/e/53/16/1453195579.png,#2F8E62,Unicaja,https://static.acb.com/img/www/clubes2024/2324UnicajaLogo.png,#3D9C35
JOV,SBB,Visitante,Jor. 8,3.7,0.7,0,2.7,2.7,9,1,2.8,2.2,10.4,13,1,6.3,2.7,18,12.5,1,1.5,2,14,6.5,1,1.5,1.8,4,5.6,0.2,3.8,0.2,6.8,104122,Joventut Badalona,https://static.acb.com/img/e/53/16/1453195579.png,#2F8E62,Surne Bilbao Basket,https://static.acb.com/img/www/clubes2022/logo_surnebb_neg.png,#000000
JOV,RMB,Local,Jor. 9,6,0,2,1.3,3,6,1,2.4,1.2,5.6,10.7,0,6.7,1,15,9.5,1,3.5,3,13,6,1.3,2,1,3.7,5,0.7,4.3,1,7,104132,Joventut Badalona,https://static.acb.com/img/e/53/16/1453195579.png,#2F8E62,Real Madrid,https://static.acb.com/img/www/clubes2023/RealMadridLogo202223.png,#FFFFFF
JOV,COV,Visitante,Jor. 10,7,0.5,2,2,6.5,4.6,0.6,2.6,0.4,1.8,13.3,0.7,5.3,1.3,17,9.5,2,2,2,11,7.3,1.2,2.5,1.3,7.7,6,0.2,4.5,1.2,6.8,104139,Joventut Badalona,https://static.acb.com/img/e/53/16/1453195579.png,#2F8E62,Coviran Granada,https://static.acb.com/img/www/clubes2023/coviran-granada_logopositivo.png,#C2213C
JOV,LLT,Local,Jor. 11,12,2,1,4,11,8.4,1.4,2.4,1.4,10.6,9,0.3,4.7,1.7,10.3,11,2,0.7,5,11.7,7.8,2,5.2,0.5,8.8,4.4,0.2,2.6,1.2,6.2,104146,Joventut Badalona,https://static.acb.com/img/e/53/16/1453195579.png,#2F8E62,La Laguna Tenerife,https://static.acb.com/img/www/clubes2024/2425LaLagunaTenerifeLogo.png,#E9CD5F
JOV,COR,Visitante,Jor. 12,8,1,1.5,5,7.5,4,1,2.5,1,1.8,18,2.7,4,0.3,20.7,5.3,1,0.3,4.7,5.7,7.5,0.8,3,0.5,8.2,7.8,0,3.2,0.6,10,104155,Joventut Badalona,https://static.acb.com/img/e/53/16/1453195579.png,#2F8E62,Leyma Coruña,https://static.acb.com/img/www/clubes2024/2425BCoruna.png,#E85204
JOV,HIO,Local,Jor. 13,11,1.5,2.5,3.5,12.5,5.5,1.2,2.7,1.2,4.5,12.3,1,5.7,0.3,17,7,0.5,3,1,8.5,5.8,0.8,1.8,1.8,5.5,5.8,0.2,3.2,0.2,2.8,104160,Joventut Badalona,https://static.acb.com/img/e/53/16/1453195579.png,#2F8E62,Hiopos Lleida,https://static.acb.com/img/www/clubes2024/2425HioposLleida_positivo.png,#AB1254
JOV,DGC,Local,Jor. 14,5.5,0.5,2,3.5,9,7,1,2.2,1.2,5.7,12,1.3,7,2,15,7.5,1.5,1.5,3,8,7,1,2.8,2.2,6.8,5.6,0.6,2.2,0.4,7,104170,Joventut Badalona,https://static.acb.com/img/e/53/16/1453195579.png,#2F8E62,Dreamland Gran Canaria,https://static.acb.com/img/25/56/4a/75557.png,#FFB718
LLT,Todos,Todas,Jor. NA,9,1,1,4,10,8,2,3,1,9,6,0,2,1,8,8,1,1,4,9,7,1,2,1,6,7,0,3,1,8,NA,La Laguna Tenerife,https://static.acb.com/img/www/clubes2024/2425LaLagunaTenerifeLogo.png,#E9CD5F,NA,NA,NA
LLT,Todos,Todas Local,Jor. NA,9,1,1,4,11,8,1,3,1,9,6,0,2,1,8,9,1,2,4,11,5,1,2,1,4,7,1,3,1,8,NA,La Laguna Tenerife,https://static.acb.com/img/www/clubes2024/2425LaLagunaTenerifeLogo.png,#E9CD5F,NA,NA,NA
LLT,Todos,Todas  Visitante,Jor. NA,9,1,1,4,8,8,2,4,1,9,6,0,2,1,7,6,1,1,4,6,8,1,2,1,8,7,0,3,1,8,NA,La Laguna Tenerife,https://static.acb.com/img/www/clubes2024/2425LaLagunaTenerifeLogo.png,#E9CD5F,NA,NA,NA
LLT,BKN,Local,Jor. 1,8,2,1,5,8.5,9,1,3.5,1,11.5,5.6,0,2.6,0.4,7.4,6,0.5,2,3,5,6.7,1,2.2,1.2,5.8,7,1,3,0.5,6.8,104057,La Laguna Tenerife,https://static.acb.com/img/www/clubes2024/2425LaLagunaTenerifeLogo.png,#E9CD5F,Baskonia,https://static.acb.com/logos/1718/baskonia_00.png,#C8102E
LLT,BRE,Visitante,Jor. 2,7.7,0.7,0.7,3,5.7,7.2,1.5,3,1,7.8,6.8,0,2.8,0.8,8.5,7,1,0.7,3.3,9,6.8,1,2,2,5.2,6,0.2,2.8,0.2,6.8,104062,La Laguna Tenerife,https://static.acb.com/img/www/clubes2024/2425LaLagunaTenerifeLogo.png,#E9CD5F,Río Breogán,https://static.acb.com/logos/1718/breogan_00.png,#85ADEA
LLT,BAR,Local,Jor. 3,3.3,0.7,1.3,4.7,5.7,8,1.8,2.5,1,8.2,9.8,0.2,2.2,0.5,11.5,11.3,1.7,1.7,5,12.7,7.2,1.5,2.8,0.8,9.8,6.4,0.6,1.8,1.2,6.4,104078,La Laguna Tenerife,https://static.acb.com/img/www/clubes2024/2425LaLagunaTenerifeLogo.png,#E9CD5F,Barça,https://static.acb.com/img/www/clubes2024/2324BarcaLogoweb.png,#154284
LLT,COV,Visitante,Jor. 4,3.3,0.3,0.3,3.3,0.7,12.7,2.3,3.7,1,15,7,0,2.4,0.2,8.8,4,0.5,1,5.5,5.5,7,1.2,1.3,0.7,5.8,6.2,0.2,2.5,0.5,6,104085,La Laguna Tenerife,https://static.acb.com/img/www/clubes2024/2425LaLagunaTenerifeLogo.png,#E9CD5F,Coviran Granada,https://static.acb.com/img/www/clubes2023/coviran-granada_logopositivo.png,#C2213C
LLT,DGC,Local,Jor. 5,8.7,0.7,0.7,5.3,11.3,5.5,1,1.5,0.5,5,8.5,0.2,4.2,0.8,11.8,7.5,1.5,1.5,3.5,7.5,5.8,0.6,2,0.6,5.2,6,0.8,3,0.4,6.4,104093,La Laguna Tenerife,https://static.acb.com/img/www/clubes2024/2425LaLagunaTenerifeLogo.png,#E9CD5F,Dreamland Gran Canaria,https://static.acb.com/img/25/56/4a/75557.png,#FFB718
LLT,VBC,Visitante,Jor. 6,10,1,1,3.7,9.7,7.2,1.8,2,0.2,7,4.4,0.2,2.2,0.2,5.4,4.8,0.2,2,3,4.5,12.3,2.3,1.3,0.7,12,8,0.6,3.8,1.6,11.8,104101,La Laguna Tenerife,https://static.acb.com/img/www/clubes2024/2425LaLagunaTenerifeLogo.png,#E9CD5F,Valencia Basket,https://static.acb.com/img/23/2/25/1654748673.png,#FC6C0F
LLT,COR,Visitante,Jor. 7,14,2,2.7,3.3,18,6.2,1.2,5.5,2,7.8,4,0.2,1.8,0.8,4.6,3.5,0.5,0.5,3,1,5.2,0.2,1.6,0.2,3.6,5.8,0.2,2.4,2,7.8,104113,La Laguna Tenerife,https://static.acb.com/img/www/clubes2024/2425LaLagunaTenerifeLogo.png,#E9CD5F,Leyma Coruña,https://static.acb.com/img/www/clubes2024/2425BCoruna.png,#E85204
LLT,BAX,Local,Jor. 8,12,1.3,2.7,4.3,13,5.2,0.8,1.8,0.5,4.8,7.4,0.2,2.4,1.2,10,14,1.3,2,4.3,16,1.2,0.2,0.8,1,-2.2,7.8,0.2,4.2,1,9.6,104117,La Laguna Tenerife,https://static.acb.com/img/www/clubes2024/2425LaLagunaTenerifeLogo.png,#E9CD5F,BAXI Manresa,https://static.acb.com/img/5b/60/d/75575.png,#B32836
LLT,UNI,Visitante,Jor. 9,5.3,0.3,0.3,2.7,2.3,7.2,1.8,3.5,1.2,8.8,9,0.8,3.2,1.2,11.2,5.3,0.3,1,4.3,8,8.2,0.2,3,0.8,9.4,6.8,1,2.5,0.5,5.8,104124,La Laguna Tenerife,https://static.acb.com/img/www/clubes2024/2425LaLagunaTenerifeLogo.png,#E9CD5F,Unicaja,https://static.acb.com/img/www/clubes2024/2324UnicajaLogo.png,#3D9C35
LLT,HIO,Local,Jor. 10,10,1,1.7,4.7,13.3,7.8,1.2,1.8,0.8,6.5,6,0.2,2.4,0.6,8,7,0,4,2,14,8.3,1.6,1.6,2.4,8.3,5.7,0,2,0.7,5.3,104135,La Laguna Tenerife,https://static.acb.com/img/www/clubes2024/2425LaLagunaTenerifeLogo.png,#E9CD5F,Hiopos Lleida,https://static.acb.com/img/www/clubes2024/2425HioposLleida_positivo.png,#AB1254
LLT,JOV,Visitante,Jor. 11,11,2,0.7,5,11.7,7.8,2,5.2,0.5,8.8,4.4,0.2,2.6,1.2,6.2,12,2,1,4,11,8.4,1.4,2.4,1.4,10.6,9,0.3,4.7,1.7,10.3,104146,La Laguna Tenerife,https://static.acb.com/img/www/clubes2024/2425LaLagunaTenerifeLogo.png,#E9CD5F,Joventut Badalona,https://static.acb.com/img/e/53/16/1453195579.png,#2F8E62
LLT,UCM,Local,Jor. 12,11,1,0.7,2.7,9.7,8.5,1.2,5,1.8,11,3,0,1.8,0.4,4.4,10.3,1.7,1.3,2.7,11.7,2.6,0.4,1.4,1.4,1,7.5,0.2,4.2,0,7.8,104153,La Laguna Tenerife,https://static.acb.com/img/www/clubes2024/2425LaLagunaTenerifeLogo.png,#E9CD5F,UCAM Murcia,https://static.acb.com/img/www/clubes2024/2425UCAMMurcianegativo.png,#A51A14
LLT,MBA,Visitante,Jor. 13,8.7,0.7,2.3,4.3,10.3,10.8,2,2.8,0.5,11.2,4.6,0.4,1.6,0.8,4.2,6.3,1.7,0.7,3,4,6.8,1,1.8,1.4,7.4,7.5,0.5,3.5,0.2,9.2,104164,La Laguna Tenerife,https://static.acb.com/img/www/clubes2024/2425LaLagunaTenerifeLogo.png,#E9CD5F,MoraBanc Andorra,https://static.acb.com/img/10/45/4d/75539.png,#0165BA
LLT,CAZ,Local,Jor. 14,10.3,1.7,0.7,3.7,13.3,12.2,2.2,3.2,1,13.5,5.2,0.2,1,0.6,6,9.7,1.3,1,4.7,13.3,4.6,0.6,1.4,1.2,2.2,10.4,0.8,3.6,0.8,11.6,104174,La Laguna Tenerife,https://static.acb.com/img/www/clubes2024/2425LaLagunaTenerifeLogo.png,#E9CD5F,Casademont Zaragoza,https://static.acb.com/img/www/clubes2024/2425CasademontZaragoza.png,#C8102E
MBA,Todos,Todas,Jor. NA,5,1,1,3,6,9,1,2,1,8,6,0,4,0,9,10,1,2,4,12,7,1,2,1,7,7,0,3,1,7,NA,MoraBanc Andorra,https://static.acb.com/img/10/45/4d/75539.png,#0165BA,NA,NA,NA
MBA,Todos,Todas Local,Jor. NA,5,1,1,3,6,9,1,2,1,7,6,0,5,0,9,8,1,2,4,10,8,1,2,1,7,6,1,3,1,7,NA,MoraBanc Andorra,https://static.acb.com/img/10/45/4d/75539.png,#0165BA,NA,NA,NA
MBA,Todos,Todas  Visitante,Jor. NA,5,1,2,3,5,10,1,3,1,10,6,0,4,0,8,11,1,2,4,13,7,1,2,1,6,7,0,4,1,8,NA,MoraBanc Andorra,https://static.acb.com/img/10/45/4d/75539.png,#0165BA,NA,NA,NA
MBA,DGC,Local,Jor. 1,6,1,2,2,6,8.8,1,2.2,0.2,5.8,2.2,0,4.2,0,1.8,11,2,2.5,3.5,12.5,6,0.6,1.4,1.2,6.2,7.8,0.6,3.6,1.2,10.4,104054,MoraBanc Andorra,https://static.acb.com/img/10/45/4d/75539.png,#0165BA,Dreamland Gran Canaria,https://static.acb.com/img/25/56/4a/75557.png,#FFB718
MBA,BKN,Visitante,Jor. 2,5.7,1.3,1.3,4.7,6,9.6,1.6,2.4,1,10,7.5,0.2,4.8,0.5,8.5,10,1.5,2.5,4,9.5,8.2,1.5,2.5,1,8.3,5.5,0,3,1,7.5,104061,MoraBanc Andorra,https://static.acb.com/img/10/45/4d/75539.png,#0165BA,Baskonia,https://static.acb.com/logos/1718/baskonia_00.png,#C8102E
MBA,COR,Local,Jor. 3,5.5,1,0.8,2.8,7.2,12,1.5,2,1.2,12.2,10.5,1.2,4.8,1,12.8,11.5,2,1.5,5.5,16.5,7.6,1.4,2.4,1,3.4,5.2,0.8,3.4,1,5.6,104072,MoraBanc Andorra,https://static.acb.com/img/10/45/4d/75539.png,#0165BA,Leyma Coruña,https://static.acb.com/img/www/clubes2024/2425BCoruna.png,#E85204
MBA,VBC,Visitante,Jor. 4,5.2,1.2,1,2.5,6.5,12.2,1.8,2.2,1,11,4.5,0,4,0.8,6.5,10.3,2,2.3,2,10.7,7,0.8,2,1.5,5.8,6,0.6,5.2,1.2,7,104086,MoraBanc Andorra,https://static.acb.com/img/10/45/4d/75539.png,#0165BA,Valencia Basket,https://static.acb.com/img/23/2/25/1654748673.png,#FC6C0F
MBA,COV,Local,Jor. 5,5.3,0.7,1,5,8.3,8.4,0.8,1.4,0.6,5.2,7.2,0,4.8,0.8,14.8,5.5,0.5,2,2.5,5.5,5,0.7,2.2,1.2,2.7,7.5,0.5,3.5,1,7.5,104090,MoraBanc Andorra,https://static.acb.com/img/10/45/4d/75539.png,#0165BA,Coviran Granada,https://static.acb.com/img/www/clubes2023/coviran-granada_logopositivo.png,#C2213C
MBA,HIO,Visitante,Jor. 6,2.5,0.5,1.5,1,2.5,10,0.8,4.8,1.2,9.2,3.8,0,3.8,0.2,5.5,4,0,1,5,4,7,1.1,2.6,1.7,6.4,8.3,1.3,3,0,6,104102,MoraBanc Andorra,https://static.acb.com/img/10/45/4d/75539.png,#0165BA,Hiopos Lleida,https://static.acb.com/img/www/clubes2024/2425HioposLleida_positivo.png,#AB1254
MBA,UCM,Local,Jor. 7,4.3,0.7,0.7,1.7,2.3,8.4,0.8,2,0.6,4.4,4,0,4,0.5,9,5,0.5,2,2.5,5,11.2,1.2,2.4,2.2,12.4,3.4,0.2,2.4,0.6,3.4,104107,MoraBanc Andorra,https://static.acb.com/img/10/45/4d/75539.png,#0165BA,UCAM Murcia,https://static.acb.com/img/www/clubes2024/2425UCAMMurcianegativo.png,#A51A14
MBA,UNI,Local,Jor. 8,7,1.7,2.3,2.7,7.7,9.2,0.8,2,0.8,7.6,7.3,0,7,0.3,10.7,12,2,1,5.3,14.7,6,1.2,1.8,2.2,7.2,9.2,1,2.8,1.2,10.4,104121,MoraBanc Andorra,https://static.acb.com/img/10/45/4d/75539.png,#0165BA,Unicaja,https://static.acb.com/img/www/clubes2024/2324UnicajaLogo.png,#3D9C35
MBA,GIR,Visitante,Jor. 9,4.5,0.5,1.5,3.5,6.8,10.4,1.4,2.2,0.6,8,9.3,1,5,0.7,12.3,11.5,0.8,1.5,2.2,11,4.2,0.6,2.4,1.4,2,9,0,8,0,14,104127,MoraBanc Andorra,https://static.acb.com/img/10/45/4d/75539.png,#0165BA,Bàsquet Girona,https://static.acb.com/img/www/clubes2023/BASQUET-GIRONA-Logonegativo2223.png,#D5001E
MBA,CAZ,Local,Jor. 10,3.8,0.8,1.5,2,6.2,8.8,1.6,1,1,5.2,6.7,1,4.3,0.7,7,4,0,2.7,4.7,8.7,7.8,1.4,1.4,0.6,7.2,7.8,0.2,4.4,0.8,9.6,104133,MoraBanc Andorra,https://static.acb.com/img/10/45/4d/75539.png,#0165BA,Casademont Zaragoza,https://static.acb.com/img/www/clubes2024/2425CasademontZaragoza.png,#C8102E
MBA,BAX,Visitante,Jor. 11,4.7,0.7,0.3,3.7,7,12.4,1,3,1.4,13.6,8.8,0.2,3,0.2,8,15.7,2,1.3,4,16.3,8,1,1.2,0.8,7.2,5.6,0.4,2.4,0.2,4.2,104142,MoraBanc Andorra,https://static.acb.com/img/10/45/4d/75539.png,#0165BA,BAXI Manresa,https://static.acb.com/img/5b/60/d/75575.png,#B32836
MBA,BAR,Visitante,Jor. 12,5.7,1,1.7,4.3,3,7,0.8,3,0.4,6.4,6.8,0.2,3,0.2,9.2,15,2.5,2,3.5,18,9,1,2.3,1.8,10.8,5.2,0,2.2,1,6.5,104157,MoraBanc Andorra,https://static.acb.com/img/10/45/4d/75539.png,#0165BA,Barça,https://static.acb.com/img/www/clubes2024/2324BarcaLogoweb.png,#154284
MBA,LLT,Local,Jor. 13,6.3,1.7,0.7,3,4,6.8,1,1.8,1.4,7.4,7.5,0.5,3.5,0.2,9.2,8.7,0.7,2.3,4.3,10.3,10.8,2,2.8,0.5,11.2,4.6,0.4,1.6,0.8,4.2,104164,MoraBanc Andorra,https://static.acb.com/img/10/45/4d/75539.png,#0165BA,La Laguna Tenerife,https://static.acb.com/img/www/clubes2024/2425LaLagunaTenerifeLogo.png,#E9CD5F
MBA,SBB,Visitante,Jor. 14,6,0.3,3.7,1.3,4.7,8.6,0.4,3.2,1,8.4,3.2,0,3,0.2,4.2,13,0.5,5,5,18.5,5.5,1.2,2.8,1.5,2.2,6.8,0.4,3.2,0.2,8.4,104171,MoraBanc Andorra,https://static.acb.com/img/10/45/4d/75539.png,#0165BA,Surne Bilbao Basket,https://static.acb.com/img/www/clubes2022/logo_surnebb_neg.png,#000000
RMB,Todos,Todas,Jor. NA,10,1,2,4,14,9,1,3,1,9,4,0,3,1,6,8,1,2,2,8,6,1,3,1,5,6,0,3,1,6,NA,Real Madrid,https://static.acb.com/img/www/clubes2023/RealMadridLogo202223.png,#FFFFFF,NA,NA,NA
RMB,Todos,Todas Local,Jor. NA,9,1,2,4,14,9,1,3,1,10,5,0,3,1,6,8,1,2,2,9,6,1,3,1,5,5,0,3,1,5,NA,Real Madrid,https://static.acb.com/img/www/clubes2023/RealMadridLogo202223.png,#FFFFFF,NA,NA,NA
RMB,Todos,Todas  Visitante,Jor. NA,11,1,2,4,15,8,1,3,1,7,4,0,4,1,7,7,1,2,2,6,6,1,3,2,5,7,0,4,1,9,NA,Real Madrid,https://static.acb.com/img/www/clubes2023/RealMadridLogo202223.png,#FFFFFF,NA,NA,NA
RMB,COR,Visitante,Jor. 1,12,2,2,2,13.5,7,0.7,1.2,1,6.7,4.8,0.2,3.5,1,7.8,12.7,2.3,1.3,2.3,11,6,1.2,3.2,2.2,5,4.8,0.2,2.8,1,5.8,104060,Real Madrid,https://static.acb.com/img/www/clubes2023/RealMadridLogo202223.png,#FFFFFF,Leyma Coruña,https://static.acb.com/img/www/clubes2024/2425BCoruna.png,#E85204
RMB,CAZ,Local,Jor. 2,10,0.5,2.5,4.5,17,8.6,0.7,2.1,1.6,10.7,7,0.7,4.3,0,6,19,3,3,4.5,21,4.2,0.6,1.8,1.8,2,7.2,0.6,2.2,1,6.8,104065,Real Madrid,https://static.acb.com/img/www/clubes2023/RealMadridLogo202223.png,#FFFFFF,Casademont Zaragoza,https://static.acb.com/img/www/clubes2024/2425CasademontZaragoza.png,#C8102E
RMB,SBB,Visitante,Jor. 3,16,2,2,8,29,8.6,1.4,3.4,1.3,6.6,0.8,0,2.5,0,1,8,1.5,3,2,9,7.2,0.8,1.8,1.6,6,6.2,0.6,3.6,0.6,8.2,104074,Real Madrid,https://static.acb.com/img/www/clubes2023/RealMadridLogo202223.png,#FFFFFF,Surne Bilbao Basket,https://static.acb.com/img/www/clubes2022/logo_surnebb_neg.png,#000000
RMB,GIR,Local,Jor. 4,14,2,1,5,22,8.7,0.9,2.9,1.4,9.9,5,0,3,0.2,7.2,14,2.7,2.7,2.3,13,5,0.3,2.3,0.7,2,1.6,0,2.2,0.4,0.6,104083,Real Madrid,https://static.acb.com/img/www/clubes2023/RealMadridLogo202223.png,#FFFFFF,Bàsquet Girona,https://static.acb.com/img/www/clubes2023/BASQUET-GIRONA-Logonegativo2223.png,#D5001E
RMB,BAX,Local,Jor. 5,3,0,2,1,4,9.3,1.1,2.4,1.6,9.6,4.5,0,4.8,1.2,9.2,4.3,0.3,2.7,1.7,0.3,6.2,0.8,3.5,1.2,5.8,4.6,0.2,3,0.2,1.6,104092,Real Madrid,https://static.acb.com/img/www/clubes2023/RealMadridLogo202223.png,#FFFFFF,BAXI Manresa,https://static.acb.com/img/5b/60/d/75575.png,#B32836
RMB,UCM,Visitante,Jor. 6,13,0,4,2,15,7.6,1.1,2.9,0.6,6.7,6.3,0.3,5.3,1,13.3,3,0.5,0,2.5,-0.5,6.4,1.6,2,1.8,5,6.5,0.2,3,0.2,6.2,104105,Real Madrid,https://static.acb.com/img/www/clubes2023/RealMadridLogo202223.png,#FFFFFF,UCAM Murcia,https://static.acb.com/img/www/clubes2024/2425UCAMMurcianegativo.png,#A51A14
RMB,DGC,Local,Jor. 7,20,2,3,9,33,6.1,1.1,1.7,0.6,6,5,0.2,2.8,0.2,5.5,6,1,2.5,2.5,9.5,9.4,1.6,1.4,1,5.6,3.6,0,4,1.6,5.6,104111,Real Madrid,https://static.acb.com/img/www/clubes2023/RealMadridLogo202223.png,#FFFFFF,Dreamland Gran Canaria,https://static.acb.com/img/25/56/4a/75557.png,#FFB718
RMB,HIO,Local,Jor. 8,6.5,0.5,3,2.5,9,9.2,1.5,2.5,1.2,9.8,4.2,0.2,3.2,0.8,4.2,2,0,1,1,6,7.4,0.7,1.4,1.7,6,6.7,0.7,4.7,0.7,8.3,104119,Real Madrid,https://static.acb.com/img/www/clubes2023/RealMadridLogo202223.png,#FFFFFF,Hiopos Lleida,https://static.acb.com/img/www/clubes2024/2425HioposLleida_positivo.png,#AB1254
RMB,JOV,Visitante,Jor. 9,9.5,1,3.5,3,13,6,1.3,2,1,3.7,5,0.7,4.3,1,7,6,0,2,1.3,3,6,1,2.4,1.2,5.6,10.7,0,6.7,1,15,104132,Real Madrid,https://static.acb.com/img/www/clubes2023/RealMadridLogo202223.png,#FFFFFF,Joventut Badalona,https://static.acb.com/img/e/53/16/1453195579.png,#2F8E62
RMB,UNI,Local,Jor. 10,7.5,0.5,3,4.5,9.5,11,1.5,2.2,1.3,10,2.2,0,2.2,1,2.8,6,0.7,1.7,1,4.3,6.2,0.5,3.8,2,9.5,6.8,0.2,3.8,0.8,6.6,104141,Real Madrid,https://static.acb.com/img/www/clubes2023/RealMadridLogo202223.png,#FFFFFF,Unicaja,https://static.acb.com/img/www/clubes2024/2324UnicajaLogo.png,#3D9C35
RMB,BRE,Local,Jor. 11,4.5,1,2,4.5,7.5,12.7,1.8,3.3,2.3,15.7,5.2,0.2,3,0.5,7.8,5.3,0.3,1.7,0.7,2.7,8.7,1,4.3,1,5.3,5.4,0.4,2.6,0.6,5.2,104147,Real Madrid,https://static.acb.com/img/www/clubes2023/RealMadridLogo202223.png,#FFFFFF,Río Breogán,https://static.acb.com/logos/1718/breogan_00.png,#85ADEA
RMB,VBC,Visitante,Jor. 12,5.5,0,1,4.5,6,9.8,1.2,4.2,1.2,11.5,3.5,0,3.2,0,3.8,7.2,0.5,2.5,3.5,9.8,6.2,1,3.5,0.8,4.5,7.8,1.2,2.5,0,7.8,104159,Real Madrid,https://static.acb.com/img/www/clubes2023/RealMadridLogo202223.png,#FFFFFF,Valencia Basket,https://static.acb.com/img/23/2/25/1654748673.png,#FC6C0F
RMB,BAR,Local,Jor. 13,10,2,1,3.5,10,6,0.9,3.7,1.1,6.7,3.7,0,3.3,0.3,5.3,8,2,4,2.5,13,3.8,0.6,3.6,0.6,3.2,7.2,0.8,3.8,1.2,6.2,104168,Real Madrid,https://static.acb.com/img/www/clubes2023/RealMadridLogo202223.png,#FFFFFF,Barça,https://static.acb.com/img/www/clubes2024/2324BarcaLogoweb.png,#154284
SBB,Todos,Todas,Jor. NA,10,1,3,3,12,7,1,2,2,5,7,0,4,0,8,8,1,2,3,10,8,1,3,1,7,6,0,3,1,7,NA,Surne Bilbao Basket,https://static.acb.com/img/www/clubes2022/logo_surnebb_neg.png,#000000,NA,NA,NA
SBB,Todos,Todas Local,Jor. NA,11,1,3,3,13,6,1,2,2,5,7,0,4,0,8,8,1,2,3,9,8,1,3,1,6,6,0,4,1,8,NA,Surne Bilbao Basket,https://static.acb.com/img/www/clubes2022/logo_surnebb_neg.png,#000000,NA,NA,NA
SBB,Todos,Todas  Visitante,Jor. NA,9,1,2,3,10,7,1,2,2,5,6,0,4,1,7,8,1,2,4,10,8,1,3,1,8,6,0,3,1,5,NA,Surne Bilbao Basket,https://static.acb.com/img/www/clubes2022/logo_surnebb_neg.png,#000000,NA,NA,NA
SBB,BRE,Local,Jor. 1,11,0.5,1,4.5,13,5.6,0.4,3.2,1.4,7.8,8,0.8,4.2,0.6,9,5.7,1,1.3,2,5,7,1,2.8,1.2,3.2,5.4,0.4,2.6,0.8,4.6,104059,Surne Bilbao Basket,https://static.acb.com/img/www/clubes2022/logo_surnebb_neg.png,#000000,Río Breogán,https://static.acb.com/logos/1718/breogan_00.png,#85ADEA
SBB,UCM,Visitante,Jor. 2,11.5,1,4,2,16,5.4,0.6,1.4,1.4,4,6.6,0.4,4,1,7.4,4,1,0.5,2,1.5,11.2,1.4,5.4,1.6,10.8,5,0,3.4,0.8,4.2,104063,Surne Bilbao Basket,https://static.acb.com/img/www/clubes2022/logo_surnebb_neg.png,#000000,UCAM Murcia,https://static.acb.com/img/www/clubes2024/2425UCAMMurcianegativo.png,#A51A14
SBB,RMB,Local,Jor. 3,8,1.5,3,2,9,7.2,0.8,1.8,1.6,6,6.2,0.6,3.6,0.6,8.2,16,2,2,8,29,8.6,1.4,3.4,1.3,6.6,0.8,0,2.5,0,1,104074,Surne Bilbao Basket,https://static.acb.com/img/www/clubes2022/logo_surnebb_neg.png,#000000,Real Madrid,https://static.acb.com/img/www/clubes2023/RealMadridLogo202223.png,#FFFFFF
SBB,DGC,Visitante,Jor. 4,11,1.5,1.5,3,14,3.2,0.8,2,0.8,0,5.8,0.4,2.6,0.8,5.8,6.5,1,3,1.5,9.5,9.2,0.8,3,1.4,10.8,4.2,0.6,3,0.8,4.6,104081,Surne Bilbao Basket,https://static.acb.com/img/www/clubes2022/logo_surnebb_neg.png,#000000,Dreamland Gran Canaria,https://static.acb.com/img/25/56/4a/75557.png,#FFB718
SBB,VBC,Local,Jor. 5,8.5,1,2.5,2,10,8.8,1.4,0.8,2.4,8.8,7.4,0.8,3.4,0.8,8.6,14,1.5,4,4.5,14.5,8.8,0.8,3.5,1.5,8.5,8,1.2,4,0.8,9,104094,Surne Bilbao Basket,https://static.acb.com/img/www/clubes2022/logo_surnebb_neg.png,#000000,Valencia Basket,https://static.acb.com/img/23/2/25/1654748673.png,#FC6C0F
SBB,COV,Visitante,Jor. 6,11,0.5,3,3.5,16.5,5.8,0.6,1.8,1.6,3.8,6.6,0.4,3.4,0.8,8.2,7,1,0,5.5,11.5,6,0.7,1.5,0.7,4.7,5.5,0,3,0.8,3.5,104100,Surne Bilbao Basket,https://static.acb.com/img/www/clubes2022/logo_surnebb_neg.png,#000000,Coviran Granada,https://static.acb.com/img/www/clubes2023/coviran-granada_logopositivo.png,#C2213C
SBB,GIR,Visitante,Jor. 7,12,1.5,2,3.5,10,5.4,0.6,2,1.4,2.6,8.6,0.2,3.8,0.2,9.8,13,1.3,3.7,3.7,13.7,10,1.8,2.8,0.5,9.2,5.2,0.2,3.2,0,6,104110,Surne Bilbao Basket,https://static.acb.com/img/www/clubes2022/logo_surnebb_neg.png,#000000,Bàsquet Girona,https://static.acb.com/img/www/clubes2023/BASQUET-GIRONA-Logonegativo2223.png,#D5001E
SBB,JOV,Local,Jor. 8,12.5,1,1.5,2,14,6.5,1,1.5,1.8,4,5.6,0.2,3.8,0.2,6.8,3.7,0.7,0,2.7,2.7,9,1,2.8,2.2,10.4,13,1,6.3,2.7,18,104122,Surne Bilbao Basket,https://static.acb.com/img/www/clubes2022/logo_surnebb_neg.png,#000000,Joventut Badalona,https://static.acb.com/img/e/53/16/1453195579.png,#2F8E62
SBB,CAZ,Visitante,Jor. 9,3,0,1,3,3.5,8,1.2,1.2,2,4.8,6.6,0.6,3.8,0.2,6.6,14,1.5,4.5,4,19,5.4,0.8,2.6,0.8,4.8,5.4,0,4.2,0.4,7.2,104126,Surne Bilbao Basket,https://static.acb.com/img/www/clubes2022/logo_surnebb_neg.png,#000000,Casademont Zaragoza,https://static.acb.com/img/www/clubes2024/2425CasademontZaragoza.png,#C8102E
SBB,BKN,Local,Jor. 10,7.5,0,3.5,4,12.5,4.5,0.5,1.8,1.8,2.2,6.8,0.2,3.6,0,7.4,4.7,0.7,2,2.3,3,4,0.4,1.8,1.2,2.8,8.8,0.5,5,1.2,13.2,104137,Surne Bilbao Basket,https://static.acb.com/img/www/clubes2022/logo_surnebb_neg.png,#000000,Baskonia,https://static.acb.com/logos/1718/baskonia_00.png,#C8102E
SBB,HIO,Visitante,Jor. 11,8,2,2,1.5,4.5,8,1,1,2,3.3,5.2,0.2,4.8,0.4,8.6,5.5,0.5,4,6.5,11,8.2,1.5,2.3,1.3,9,6,0.5,1.5,0.5,3,104149,Surne Bilbao Basket,https://static.acb.com/img/www/clubes2022/logo_surnebb_neg.png,#000000,Hiopos Lleida,https://static.acb.com/img/www/clubes2024/2425HioposLleida_positivo.png,#AB1254
SBB,BAX,Local,Jor. 12,16,2.5,3,2.5,15.5,6.8,0,0.8,1.8,5.5,5.8,0.2,4,0.4,7.6,8.7,0.3,2.3,2.3,5.7,7.3,1,2.3,0.7,4,5,0.4,2.6,0.8,4.6,104158,Surne Bilbao Basket,https://static.acb.com/img/www/clubes2022/logo_surnebb_neg.png,#000000,BAXI Manresa,https://static.acb.com/img/5b/60/d/75575.png,#B32836
SBB,COR,Visitante,Jor. 13,3.5,0.5,3.5,7.5,8.5,15.8,3.5,3.2,2.5,17.2,6,1,2.4,0.2,5.2,7,1.7,1.3,2.3,7,7.3,0.3,3.7,0.7,5.7,7.2,0.6,4.2,1.2,9.2,104162,Surne Bilbao Basket,https://static.acb.com/img/www/clubes2022/logo_surnebb_neg.png,#000000,Leyma Coruña,https://static.acb.com/img/www/clubes2024/2425BCoruna.png,#E85204
SBB,MBA,Local,Jor. 14,13,0.5,5,5,18.5,5.5,1.2,2.8,1.5,2.2,6.8,0.4,3.2,0.2,8.4,6,0.3,3.7,1.3,4.7,8.6,0.4,3.2,1,8.4,3.2,0,3,0.2,4.2,104171,Surne Bilbao Basket,https://static.acb.com/img/www/clubes2022/logo_surnebb_neg.png,#000000,MoraBanc Andorra,https://static.acb.com/img/10/45/4d/75539.png,#0165BA
UCM,Todos,Todas,Jor. NA,6,1,1,2,5,8,1,3,2,8,6,0,3,1,7,9,1,2,2,9,7,1,3,1,6,6,0,3,1,8,NA,UCAM Murcia,https://static.acb.com/img/www/clubes2024/2425UCAMMurcianegativo.png,#A51A14,NA,NA,NA
UCM,Todos,Todas Local,Jor. NA,4,1,1,2,3,9,1,3,2,10,6,0,3,1,7,10,1,3,2,11,7,1,3,1,5,6,0,4,1,7,NA,UCAM Murcia,https://static.acb.com/img/www/clubes2024/2425UCAMMurcianegativo.png,#A51A14,NA,NA,NA
UCM,Todos,Todas  Visitante,Jor. NA,7,1,1,2,7,7,1,2,2,6,6,0,3,1,7,8,1,2,3,7,8,1,3,1,7,7,0,3,1,9,NA,UCAM Murcia,https://static.acb.com/img/www/clubes2024/2425UCAMMurcianegativo.png,#A51A14,NA,NA,NA
UCM,JOV,Visitante,Jor. 1,3.3,0.7,1.7,1,1.7,10.2,1,1.2,1.8,9.2,5,0,2.6,1,6.4,6,0.7,2,2,6.3,8.2,0.6,2.8,1,9.2,8,0.5,3.2,1.8,10.2,104052,UCAM Murcia,https://static.acb.com/img/www/clubes2024/2425UCAMMurcianegativo.png,#A51A14,Joventut Badalona,https://static.acb.com/img/e/53/16/1453195579.png,#2F8E62
UCM,SBB,Local,Jor. 2,4,1,0.5,2,1.5,11.2,1.4,5.4,1.6,10.8,5,0,3.4,0.8,4.2,11.5,1,4,2,16,5.4,0.6,1.4,1.4,4,6.6,0.4,4,1,7.4,104063,UCAM Murcia,https://static.acb.com/img/www/clubes2024/2425UCAMMurcianegativo.png,#A51A14,Surne Bilbao Basket,https://static.acb.com/img/www/clubes2022/logo_surnebb_neg.png,#000000
UCM,BKN,Visitante,Jor. 3,8,2,0.7,2.3,6,4.8,0.6,2.2,1.8,5.4,11,1,4.8,1,11.8,9,0.5,2.5,3,10,6.4,0.8,3.4,1.4,7.4,9,0.6,2.2,0.6,10.6,104070,UCAM Murcia,https://static.acb.com/img/www/clubes2024/2425UCAMMurcianegativo.png,#A51A14,Baskonia,https://static.acb.com/logos/1718/baskonia_00.png,#C8102E
UCM,CAZ,Local,Jor. 4,5.3,1.3,1.3,2.3,6,12.5,1.5,4.5,2,15.8,4.4,0.2,2.6,0.6,3.4,13,1.5,3.5,0.5,12.5,5.4,0.4,1.6,0.2,2.6,4.2,0,3.4,0.4,4.4,104082,UCAM Murcia,https://static.acb.com/img/www/clubes2024/2425UCAMMurcianegativo.png,#A51A14,Casademont Zaragoza,https://static.acb.com/img/www/clubes2024/2425CasademontZaragoza.png,#C8102E
UCM,GIR,Visitante,Jor. 5,11.5,1.5,2,2.5,15.5,6.2,0.6,1.2,1.6,3.2,5.6,0,4,0.2,6.4,10.3,1.3,1.7,2.3,6,8.7,1,3.7,1,7,3.6,0,2.2,0,4.8,104088,UCAM Murcia,https://static.acb.com/img/www/clubes2024/2425UCAMMurcianegativo.png,#A51A14,Bàsquet Girona,https://static.acb.com/img/www/clubes2023/BASQUET-GIRONA-Logonegativo2223.png,#D5001E
UCM,RMB,Local,Jor. 6,3,0.5,0,2.5,-0.5,6.4,1.6,2,1.8,5,6.5,0.2,3,0.2,6.2,13,0,4,2,15,7.6,1.1,2.9,0.6,6.7,6.3,0.3,5.3,1,13.3,104105,UCAM Murcia,https://static.acb.com/img/www/clubes2024/2425UCAMMurcianegativo.png,#A51A14,Real Madrid,https://static.acb.com/img/www/clubes2023/RealMadridLogo202223.png,#FFFFFF
UCM,MBA,Visitante,Jor. 7,5,0.5,2,2.5,5,11.2,1.2,2.4,2.2,12.4,3.4,0.2,2.4,0.6,3.4,4.3,0.7,0.7,1.7,2.3,8.4,0.8,2,0.6,4.4,4,0,4,0.5,9,104107,UCAM Murcia,https://static.acb.com/img/www/clubes2024/2425UCAMMurcianegativo.png,#A51A14,MoraBanc Andorra,https://static.acb.com/img/10/45/4d/75539.png,#0165BA
UCM,BRE,Local,Jor. 8,5.5,1.5,3.5,3,8,7.2,1.4,2,3.4,9.2,6.4,0,4.2,0.2,7,6,0.3,1,1.7,6,6.2,0.5,5.5,1,3.8,4,0.4,3,0.4,5,104115,UCAM Murcia,https://static.acb.com/img/www/clubes2024/2425UCAMMurcianegativo.png,#A51A14,Río Breogán,https://static.acb.com/logos/1718/breogan_00.png,#85ADEA
UCM,DGC,Local,Jor. 9,3,1,0,0.5,1,5.4,0.8,1.4,1.6,4.4,6,0.4,3,0.6,8,4.5,0.5,3.5,3,4.5,9,1.6,2.8,0.8,11,5.8,0.8,3.2,0.8,4.4,104129,UCAM Murcia,https://static.acb.com/img/www/clubes2024/2425UCAMMurcianegativo.png,#A51A14,Dreamland Gran Canaria,https://static.acb.com/img/25/56/4a/75557.png,#FFB718
UCM,BAR,Visitante,Jor. 10,6.3,1.7,1,1.7,3.7,8.5,0.2,3.2,1.5,7.8,5.2,0.4,2.6,0.6,6.2,6.5,0.5,4,5,10,5.4,0.8,3.4,0.6,5.8,11.5,1,3.5,1,13,104140,UCAM Murcia,https://static.acb.com/img/www/clubes2024/2425UCAMMurcianegativo.png,#A51A14,Barça,https://static.acb.com/img/www/clubes2024/2324BarcaLogoweb.png,#154284
UCM,VBC,Local,Jor. 11,5,1,2.3,1.7,2,6.5,0.5,2.5,2.2,8,11.8,0.5,3.2,0.8,12.8,10.8,1.8,2,2.8,11.2,9.3,2.7,2.7,1,6.7,5,0.4,3.6,0.8,8.2,104143,UCAM Murcia,https://static.acb.com/img/www/clubes2024/2425UCAMMurcianegativo.png,#A51A14,Valencia Basket,https://static.acb.com/img/23/2/25/1654748673.png,#FC6C0F
UCM,LLT,Visitante,Jor. 12,10.3,1.7,1.3,2.7,11.7,2.6,0.4,1.4,1.4,1,7.5,0.2,4.2,0,7.8,11,1,0.7,2.7,9.7,8.5,1.2,5,1.8,11,3,0,1.8,0.4,4.4,104153,UCAM Murcia,https://static.acb.com/img/www/clubes2024/2425UCAMMurcianegativo.png,#A51A14,La Laguna Tenerife,https://static.acb.com/img/www/clubes2024/2425LaLagunaTenerifeLogo.png,#E9CD5F
UCM,COV,Local,Jor. 13,3,0.3,0.7,1.3,0.7,12,1,4.8,2,15.5,4.8,0,2.8,1.8,6.5,7.5,1.5,0.5,1,5.5,7.5,1.3,1.8,0.7,6.3,5.2,0,3.2,0.8,5.5,104165,UCAM Murcia,https://static.acb.com/img/www/clubes2024/2425UCAMMurcianegativo.png,#A51A14,Coviran Granada,https://static.acb.com/img/www/clubes2023/coviran-granada_logopositivo.png,#C2213C
UCM,UNI,Local,Jor. 14,4,0,2.5,2,5.5,8.2,1,4.2,3,10,6,0,2.2,0.2,4.8,12,1,2.7,3,14,3,0.2,3.2,1.2,1.5,8.2,1.2,3.2,0.8,8.8,104173,UCAM Murcia,https://static.acb.com/img/www/clubes2024/2425UCAMMurcianegativo.png,#A51A14,Unicaja,https://static.acb.com/img/www/clubes2024/2324UnicajaLogo.png,#3D9C35
UNI,Todos,Todas,Jor. NA,10,1,2,4,12,6,1,3,1,6,7,1,3,1,7,7,1,2,4,8,8,1,2,1,7,7,0,3,1,7,NA,Unicaja,https://static.acb.com/img/www/clubes2024/2324UnicajaLogo.png,#3D9C35,NA,NA,NA
UNI,Todos,Todas Local,Jor. NA,11,1,2,4,14,7,1,2,1,7,6,1,3,1,7,8,1,2,3,8,7,1,2,1,7,7,0,3,1,7,NA,Unicaja,https://static.acb.com/img/www/clubes2024/2324UnicajaLogo.png,#3D9C35,NA,NA,NA
UNI,Todos,Todas  Visitante,Jor. NA,9,1,1,4,11,6,1,3,1,6,7,1,3,1,8,6,1,3,4,8,8,1,3,1,8,6,0,4,1,8,NA,Unicaja,https://static.acb.com/img/www/clubes2024/2324UnicajaLogo.png,#3D9C35,NA,NA,NA
UNI,GIR,Local,Jor. 1,10.3,2,1.3,3.3,11.3,7,0.8,1.8,0.8,4.2,6.2,0.6,3.6,1.6,9.6,10.8,1,1.8,1.8,9.2,4.3,0.3,2.7,0.3,3.7,4.2,0,3,0.5,2.5,104053,Unicaja,https://static.acb.com/img/www/clubes2024/2324UnicajaLogo.png,#3D9C35,Bàsquet Girona,https://static.acb.com/img/www/clubes2023/BASQUET-GIRONA-Logonegativo2223.png,#D5001E
UNI,COV,Visitante,Jor. 2,10.5,0.5,1,4.5,12.5,4.2,0.2,3,1.6,5,8.4,0.8,4.2,1,9.4,5.5,1.5,2.5,5.5,9.5,6.3,0.8,2,0.2,4.3,4.8,0.5,1.5,0.5,3.8,104068,Unicaja,https://static.acb.com/img/www/clubes2024/2324UnicajaLogo.png,#3D9C35,Coviran Granada,https://static.acb.com/img/www/clubes2023/coviran-granada_logopositivo.png,#C2213C
UNI,HIO,Local,Jor. 3,11.5,2,2.5,6,19.5,6.8,1.2,2.4,2.6,9,8.8,0.6,3.6,1.2,11.2,9,1,0,2,8,4.5,0.5,1.7,1.2,3.8,4,0,2,0.7,0.3,104071,Unicaja,https://static.acb.com/img/www/clubes2024/2324UnicajaLogo.png,#3D9C35,Hiopos Lleida,https://static.acb.com/img/www/clubes2024/2425HioposLleida_positivo.png,#AB1254
UNI,COR,Visitante,Jor. 4,7.7,1,0.3,2.7,8,8.4,1.4,2.6,2,8.2,6.2,0.8,4,0.8,8,3,0.5,3,7,5,7,1,2.2,1.2,7,10.5,0.5,4.5,2.2,14,104080,Unicaja,https://static.acb.com/img/www/clubes2024/2324UnicajaLogo.png,#3D9C35,Leyma Coruña,https://static.acb.com/img/www/clubes2024/2425BCoruna.png,#E85204
UNI,BAR,Local,Jor. 5,12,0.5,2,5.5,14,9.4,0.8,1.6,0.8,10.6,6.4,0.4,3.4,0.4,6.2,8,0,4,8.5,17,7,1,2,0.6,6.2,9,0.6,2.2,0.4,7.2,104096,Unicaja,https://static.acb.com/img/www/clubes2024/2324UnicajaLogo.png,#3D9C35,Barça,https://static.acb.com/img/www/clubes2024/2324BarcaLogoweb.png,#154284
UNI,BAX,Visitante,Jor. 6,11.5,1,1,3.5,13,4.2,0,1.8,0.4,0.8,5,0.2,2,0.4,3,7.3,0.7,3.3,4.7,10.7,9.2,1.5,3.2,1.8,12.5,10,1,2.6,1,11.2,104099,Unicaja,https://static.acb.com/img/www/clubes2024/2324UnicajaLogo.png,#3D9C35,BAXI Manresa,https://static.acb.com/img/5b/60/d/75575.png,#B32836
UNI,JOV,Visitante,Jor. 7,6.3,1,0.3,3,6,6.7,0.3,2.3,1.7,7,6.7,0.7,3.7,0.8,7,3.7,0,3,2,5.7,8.8,1.6,3,1,6.8,6.7,0,4,2,11,104109,Unicaja,https://static.acb.com/img/www/clubes2024/2324UnicajaLogo.png,#3D9C35,Joventut Badalona,https://static.acb.com/img/e/53/16/1453195579.png,#2F8E62
UNI,MBA,Visitante,Jor. 8,12,2,1,5.3,14.7,6,1.2,1.8,2.2,7.2,9.2,1,2.8,1.2,10.4,7,1.7,2.3,2.7,7.7,9.2,0.8,2,0.8,7.6,7.3,0,7,0.3,10.7,104121,Unicaja,https://static.acb.com/img/www/clubes2024/2324UnicajaLogo.png,#3D9C35,MoraBanc Andorra,https://static.acb.com/img/10/45/4d/75539.png,#0165BA
UNI,LLT,Local,Jor. 9,5.3,0.3,1,4.3,8,8.2,0.2,3,0.8,9.4,6.8,1,2.5,0.5,5.8,5.3,0.3,0.3,2.7,2.3,7.2,1.8,3.5,1.2,8.8,9,0.8,3.2,1.2,11.2,104124,Unicaja,https://static.acb.com/img/www/clubes2024/2324UnicajaLogo.png,#3D9C35,La Laguna Tenerife,https://static.acb.com/img/www/clubes2024/2425LaLagunaTenerifeLogo.png,#E9CD5F
UNI,RMB,Visitante,Jor. 10,6,0.7,1.7,1,4.3,6.2,0.5,3.8,2,9.5,6.8,0.2,3.8,0.8,6.6,7.5,0.5,3,4.5,9.5,11,1.5,2.2,1.3,10,2.2,0,2.2,1,2.8,104141,Unicaja,https://static.acb.com/img/www/clubes2024/2324UnicajaLogo.png,#3D9C35,Real Madrid,https://static.acb.com/img/www/clubes2023/RealMadridLogo202223.png,#FFFFFF
UNI,DGC,Local,Jor. 11,16.3,2.3,2,3,18.3,5.8,0.5,2.2,1,2.5,3.2,0.2,3,0.6,3.6,9,2.5,2,1,11,7,0.8,1.6,2,5.4,8.2,0.8,3.8,1.4,9.8,104145,Unicaja,https://static.acb.com/img/www/clubes2024/2324UnicajaLogo.png,#3D9C35,Dreamland Gran Canaria,https://static.acb.com/img/25/56/4a/75557.png,#FFB718
UNI,BKN,Visitante,Jor. 12,8.7,1.3,2,7,13,6.2,1.5,2.5,0.8,5,7.8,1,2,0.4,7,11.7,0.7,1.3,2.7,11.3,7.2,1.2,2.2,0.8,6.2,3.3,0,4,0.3,5.7,104154,Unicaja,https://static.acb.com/img/www/clubes2024/2324UnicajaLogo.png,#3D9C35,Baskonia,https://static.acb.com/logos/1718/baskonia_00.png,#C8102E
UNI,BRE,Local,Jor. 13,8,1.7,3,3.3,10,6,1.2,4,1.8,7.8,7.6,0.4,3.6,1,7.2,3.2,0.2,2.2,2,2.2,11,1.7,2,3,11.7,6.2,0.6,2.8,0.6,8.2,104163,Unicaja,https://static.acb.com/img/www/clubes2024/2324UnicajaLogo.png,#3D9C35,Río Breogán,https://static.acb.com/logos/1718/breogan_00.png,#85ADEA
UNI,UCM,Visitante,Jor. 14,12,1,2.7,3,14,3,0.2,3.2,1.2,1.5,8.2,1.2,3.2,0.8,8.8,4,0,2.5,2,5.5,8.2,1,4.2,3,10,6,0,2.2,0.2,4.8,104173,Unicaja,https://static.acb.com/img/www/clubes2024/2324UnicajaLogo.png,#3D9C35,UCAM Murcia,https://static.acb.com/img/www/clubes2024/2425UCAMMurcianegativo.png,#A51A14
VBC,Todos,Todas,Jor. NA,8,1,2,4,10,9,1,3,1,9,7,1,4,1,8,7,1,2,3,7,8,1,2,1,7,7,0,4,1,8,NA,Valencia Basket,https://static.acb.com/img/23/2/25/1654748673.png,#FC6C0F,NA,NA,NA
VBC,Todos,Todas Local,Jor. NA,8,1,2,4,10,9,1,3,1,9,7,1,4,1,9,8,1,1,3,7,7,1,2,1,7,6,0,4,0,7,NA,Valencia Basket,https://static.acb.com/img/23/2/25/1654748673.png,#FC6C0F,NA,NA,NA
VBC,Todos,Todas  Visitante,Jor. NA,9,1,2,4,10,9,2,3,1,9,7,1,4,1,8,7,1,2,3,7,8,1,2,2,8,8,1,3,1,9,NA,Valencia Basket,https://static.acb.com/img/23/2/25/1654748673.png,#FC6C0F,NA,NA,NA
VBC,BAX,Visitante,Jor. 1,5,0,2.3,3.3,4.7,9.5,1.2,3,0.8,9.8,4,0.2,4.2,0.4,3.4,3.7,0.3,1.7,1.7,0,8,0.5,4,0.8,8.5,6.8,0.4,3.8,0.8,8.6,104055,Valencia Basket,https://static.acb.com/img/23/2/25/1654748673.png,#FC6C0F,BAXI Manresa,https://static.acb.com/img/5b/60/d/75575.png,#B32836
VBC,JOV,Local,Jor. 2,5.7,0.3,2,3,6.3,9,0.5,3,2,9.5,6.2,0.4,4.6,0.6,7.4,5.3,0.7,0.7,2.3,2.7,3.6,0.6,0.8,0.6,0.2,6.5,1,5.5,0.5,9.8,104064,Valencia Basket,https://static.acb.com/img/23/2/25/1654748673.png,#FC6C0F,Joventut Badalona,https://static.acb.com/img/e/53/16/1453195579.png,#2F8E62
VBC,BRE,Visitante,Jor. 3,8,2.3,2.3,3.3,9,8.5,1.5,3,1.5,7.5,5.8,1.2,4.2,1.4,7.2,5,0.3,0.3,2,3,9.5,0.8,3.8,1.2,8.8,4.4,0.2,3,0.8,7,104076,Valencia Basket,https://static.acb.com/img/23/2/25/1654748673.png,#FC6C0F,Río Breogán,https://static.acb.com/logos/1718/breogan_00.png,#85ADEA
VBC,MBA,Local,Jor. 4,10.3,2,2.3,2,10.7,7,0.8,2,1.5,5.8,6,0.6,5.2,1.2,7,5.2,1.2,1,2.5,6.5,12.2,1.8,2.2,1,11,4.5,0,4,0.8,6.5,104086,Valencia Basket,https://static.acb.com/img/23/2/25/1654748673.png,#FC6C0F,MoraBanc Andorra,https://static.acb.com/img/10/45/4d/75539.png,#0165BA
VBC,SBB,Visitante,Jor. 5,14,1.5,4,4.5,14.5,8.8,0.8,3.5,1.5,8.5,8,1.2,4,0.8,9,8.5,1,2.5,2,10,8.8,1.4,0.8,2.4,8.8,7.4,0.8,3.4,0.8,8.6,104094,Valencia Basket,https://static.acb.com/img/23/2/25/1654748673.png,#FC6C0F,Surne Bilbao Basket,https://static.acb.com/img/www/clubes2022/logo_surnebb_neg.png,#000000
VBC,LLT,Local,Jor. 6,4.8,0.2,2,3,4.5,12.3,2.3,1.3,0.7,12,8,0.6,3.8,1.6,11.8,10,1,1,3.7,9.7,7.2,1.8,2,0.2,7,4.4,0.2,2.2,0.2,5.4,104101,Valencia Basket,https://static.acb.com/img/23/2/25/1654748673.png,#FC6C0F,La Laguna Tenerife,https://static.acb.com/img/www/clubes2024/2425LaLagunaTenerifeLogo.png,#E9CD5F
VBC,CAZ,Local,Jor. 7,7.2,1.2,2,3.5,10.5,14.2,2,3.8,0.8,15.2,6.2,1.2,4,2,7.2,7.5,0.5,1.5,3.5,5.5,6.4,1.2,3.2,2,5.6,7.8,0,2.8,0.6,8,104108,Valencia Basket,https://static.acb.com/img/23/2/25/1654748673.png,#FC6C0F,Casademont Zaragoza,https://static.acb.com/img/www/clubes2024/2425CasademontZaragoza.png,#C8102E
VBC,BAR,Visitante,Jor. 8,7.2,1,2,3.8,9.8,10,1.8,2.8,1,12,7.5,0.8,3,1,4.2,6.5,0,3,6,13,8,1.2,0.8,0.8,6.6,9.8,1,4,1.4,12.6,104123,Valencia Basket,https://static.acb.com/img/23/2/25/1654748673.png,#FC6C0F,Barça,https://static.acb.com/img/www/clubes2024/2324BarcaLogoweb.png,#154284
VBC,BKN,Visitante,Jor. 9,9.2,1.5,1.5,5.8,14,10.7,1.7,4,0.7,12,9.4,1.6,4.2,0.6,11.6,7.7,1.3,3,2.7,10.7,8.4,1.6,1.8,1.8,7,6.5,0.5,3.2,1,5.5,104131,Valencia Basket,https://static.acb.com/img/23/2/25/1654748673.png,#FC6C0F,Baskonia,https://static.acb.com/logos/1718/baskonia_00.png,#C8102E
VBC,GIR,Local,Jor. 10,9.5,1.5,1.5,4.2,12,6.2,1.2,2.8,0.5,6.8,8.8,1,4.5,1.5,11,9,1.2,1,3.2,6.2,5,1,2.4,0.6,3.6,5.7,0,4.7,0,10,104136,Valencia Basket,https://static.acb.com/img/23/2/25/1654748673.png,#FC6C0F,Bàsquet Girona,https://static.acb.com/img/www/clubes2023/BASQUET-GIRONA-Logonegativo2223.png,#D5001E
VBC,UCM,Visitante,Jor. 11,10.8,1.8,2,2.8,11.2,9.3,2.7,2.7,1,6.7,5,0.4,3.6,0.8,8.2,5,1,2.3,1.7,2,6.5,0.5,2.5,2.2,8,11.8,0.5,3.2,0.8,12.8,104143,Valencia Basket,https://static.acb.com/img/23/2/25/1654748673.png,#FC6C0F,UCAM Murcia,https://static.acb.com/img/www/clubes2024/2425UCAMMurcianegativo.png,#A51A14
VBC,RMB,Local,Jor. 12,7.2,0.5,2.5,3.5,9.8,6.2,1,3.5,0.8,4.5,7.8,1.2,2.5,0,7.8,5.5,0,1,4.5,6,9.8,1.2,4.2,1.2,11.5,3.5,0,3.2,0,3.8,104159,Valencia Basket,https://static.acb.com/img/23/2/25/1654748673.png,#FC6C0F,Real Madrid,https://static.acb.com/img/www/clubes2023/RealMadridLogo202223.png,#FFFFFF
VBC,DGC,Visitante,Jor. 13,6.8,0.2,0.8,3.2,6.8,7.8,1,2.5,1.2,8,9,2.2,5.5,0.8,9,10.5,0.5,3.5,3.5,13.5,8.5,1,3.2,2,6.5,8.4,0.6,1.8,0,9.4,104161,Valencia Basket,https://static.acb.com/img/23/2/25/1654748673.png,#FC6C0F,Dreamland Gran Canaria,https://static.acb.com/img/25/56/4a/75557.png,#FFB718
VBC,HIO,Local,Jor. 14,8.3,1.7,2.3,5.7,13.7,10,1.5,3.8,1,9,8.4,1.2,3.8,0.8,9,10,1.5,1.5,2,12,7,0.8,1.8,2,6.7,7.5,1.5,4.2,1,7.5,104169,Valencia Basket,https://static.acb.com/img/23/2/25/1654748673.png,#FC6C0F,Hiopos Lleida,https://static.acb.com/img/www/clubes2024/2425HioposLleida_positivo.png,#AB1254
