team,rival,is_local,jornada,base_puntos,base_rebotes,base_asistencias,base_valoracion,alero_puntos,alero_rebotes,alero_asistencias,alero_valoracion,pivot_puntos,pivot_rebotes,pivot_asistencias,pivot_valoracion,base_puntos_encontra,base_rebotes_encontra,base_asistencias_encontra,base_valoracion_encontra,alero_puntos_encontra,alero_rebotes_encontra,alero_asistencias_encontra,alero_valoracion_encontra,pivot_puntos_encontra,pivot_rebotes_encontra,pivot_asistencias_encontra,pivot_valoracion_encontra,id_match,equipo.x,logo,color,equipo.y,logo_rival,color_rival
Barça,NA,Todas,Jor. NA,16,7,9,24,37,10,5,36,35,15,4,40,22,4,9,23,33,12,5,30,29,15,3,31,NA,Barça,https://static.acb.com/img/www/clubes2024/2324BarcaLogoweb.png,#154284,NA,NA,NA
Barça,NA,Todas Local,Jor. NA,17,8,10,25,38,9,6,40,42,14,4,51,21,5,9,21,32,12,5,26,30,13,3,30,NA,Barça,https://static.acb.com/img/www/clubes2024/2324BarcaLogoweb.png,#154284,NA,NA,NA
Barça,NA,Todas  Visitante,Jor. NA,16,7,9,23,37,11,5,33,30,16,3,30,23,3,8,25,34,13,5,33,29,16,2,32,NA,Barça,https://static.acb.com/img/www/clubes2024/2324BarcaLogoweb.png,#154284,NA,NA,NA
Barça,Coviran Granada,Local,Jor. 1,13,12,11,21,39,7,4,44,39,10,3,51,24,6,7,28,23,14,5,2,18,10,1,16,104056,Barça,https://static.acb.com/img/www/clubes2024/2324BarcaLogoweb.png,#154284,Coviran Granada,https://static.acb.com/img/www/clubes2023/coviran-granada_logopositivo.png,#C2213C
Barça,Hiopos Lleida,Visitante,Jor. 2,6,8,6,2,43,12,7,48,29,19,2,34,8,1,2,10,37,13,6,25,19,14,1,20,104069,Barça,https://static.acb.com/img/www/clubes2024/2324BarcaLogoweb.png,#154284,Hiopos Lleida,https://static.acb.com/img/www/clubes2024/2425HioposLleida_positivo.png,#AB1254
Barça,La Laguna TFE,Visitante,Jor. 3,34,5,15,38,29,11,3,39,32,9,6,32,10,4,14,17,32,10,4,33,39,9,2,46,104078,Barça,https://static.acb.com/img/www/clubes2024/2324BarcaLogoweb.png,#154284,La Laguna Tenerife,https://static.acb.com/img/www/clubes2024/2425LaLagunaTenerifeLogo.png,#E9CD5F
Barça,Baskonia,Local,Jor. 4,11,8,14,18,33,2,5,29,45,14,4,48,23,8,6,30,27,6,8,26,43,14,5,48,104087,Barça,https://static.acb.com/img/www/clubes2024/2324BarcaLogoweb.png,#154284,Baskonia,https://static.acb.com/logos/1718/baskonia_00.png,#C8102E
Barça,Unicaja,Visitante,Jor. 5,16,8,17,34,35,10,3,31,45,11,2,36,24,4,11,28,47,8,4,53,32,17,2,31,104096,Barça,https://static.acb.com/img/www/clubes2024/2324BarcaLogoweb.png,#154284,Unicaja,https://static.acb.com/img/www/clubes2024/2324UnicajaLogo.png,#3D9C35
Barça,Leyma Coruña,Local,Jor. 6,21,7,5,31,35,11,8,40,50,15,4,64,15,2,10,9,31,10,4,17,34,18,6,34,104103,Barça,https://static.acb.com/img/www/clubes2024/2324BarcaLogoweb.png,#154284,Leyma Coruña,https://static.acb.com/img/www/clubes2024/2425BCoruna.png,#E85204
Barça,Río Breogán,Visitante,Jor. 7,9,10,5,13,27,7,7,17,34,19,1,43,25,2,8,22,26,10,4,23,26,15,3,31,104114,Barça,https://static.acb.com/img/www/clubes2024/2324BarcaLogoweb.png,#154284,Río Breogán,https://static.acb.com/logos/1718/breogan_00.png,#85ADEA
Barça,Valencia Basket,Local,Jor. 8,13,6,12,26,40,4,4,33,49,20,7,63,29,8,15,39,40,11,4,48,30,12,4,17,104123,Barça,https://static.acb.com/img/www/clubes2024/2324BarcaLogoweb.png,#154284,Valencia Basket,https://static.acb.com/img/23/2/25/1654748673.png,#FC6C0F
Barça,BAXI Manresa,Visitante,Jor. 9,21,5,5,28,30,13,6,24,21,16,3,22,32,4,7,25,22,4,2,18,31,25,4,31,104128,Barça,https://static.acb.com/img/www/clubes2024/2324BarcaLogoweb.png,#154284,BAXI Manresa,https://static.acb.com/img/5b/60/d/75575.png,#B32836
Barça,UCAM Murcia,Local,Jor. 10,13,8,10,20,27,17,3,29,46,14,4,52,19,3,5,11,34,13,6,31,26,13,3,31,104140,Barça,https://static.acb.com/img/www/clubes2024/2324BarcaLogoweb.png,#154284,UCAM Murcia,https://static.acb.com/img/www/clubes2024/2425UCAMMurcianegativo.png,#A51A14
Barça,Casademont Zgz,Visitante,Jor. 11,9,5,10,19,73,5,6,59,13,16,2,12,45,4,10,50,29,21,5,34,42,21,4,48,104150,Barça,https://static.acb.com/img/www/clubes2024/2324BarcaLogoweb.png,#154284,Casademont Zaragoza,https://static.acb.com/img/www/clubes2024/2425CasademontZaragoza.png,#C8102E
Barça,MoraBanc And,Local,Jor. 12,30,4,7,36,54,14,11,65,21,9,4,26,17,5,13,9,35,15,2,32,27,12,1,37,104157,Barça,https://static.acb.com/img/www/clubes2024/2324BarcaLogoweb.png,#154284,MoraBanc Andorra,https://static.acb.com/img/10/45/4d/75539.png,#0165BA
Barça,Real Madrid,Visitante,Jor. 13,16,8,5,26,19,18,3,16,36,19,6,31,20,2,7,20,42,26,8,47,11,10,1,16,104168,Barça,https://static.acb.com/img/www/clubes2024/2324BarcaLogoweb.png,#154284,Real Madrid,https://static.acb.com/img/www/clubes2023/RealMadridLogo202223.png,#FFFFFF
BAXI Manresa,NA,Todas,Jor. NA,26,7,8,23,23,10,4,21,35,18,4,39,19,4,7,21,37,12,5,32,24,16,3,27,NA,BAXI Manresa,https://static.acb.com/img/5b/60/d/75575.png,#B32836,NA,NA,NA
BAXI Manresa,NA,Todas Local,Jor. NA,28,7,8,25,26,10,3,24,37,19,4,44,16,4,7,17,39,12,5,34,24,16,3,24,NA,BAXI Manresa,https://static.acb.com/img/5b/60/d/75575.png,#B32836,NA,NA,NA
BAXI Manresa,NA,Todas  Visitante,Jor. NA,24,7,9,20,21,10,4,17,33,17,4,35,23,5,7,26,35,11,5,30,25,15,3,32,NA,BAXI Manresa,https://static.acb.com/img/5b/60/d/75575.png,#B32836,NA,NA,NA
BAXI Manresa,Valencia Basket,Local,Jor. 1,11,5,5,0,32,16,3,34,34,19,4,43,15,7,10,14,38,12,3,39,20,21,2,17,104055,BAXI Manresa,https://static.acb.com/img/5b/60/d/75575.png,#B32836,Valencia Basket,https://static.acb.com/img/23/2/25/1654748673.png,#FC6C0F
BAXI Manresa,Bàsquet Girona,Visitante,Jor. 2,18,4,6,3,24,8,6,24,38,27,4,56,36,6,15,44,27,17,2,20,21,15,0,23,104067,BAXI Manresa,https://static.acb.com/img/5b/60/d/75575.png,#B32836,Bàsquet Girona,https://static.acb.com/img/www/clubes2023/BASQUET-GIRONA-Logonegativo2223.png,#D5001E
BAXI Manresa,Dreamland GC,Local,Jor. 3,23,8,6,21,16,6,2,2,40,24,5,57,7,3,4,9,28,14,3,20,23,21,4,22,104075,BAXI Manresa,https://static.acb.com/img/5b/60/d/75575.png,#B32836,Dreamland Gran Canaria,https://static.acb.com/img/25/56/4a/75557.png,#FFB718
BAXI Manresa,Hiopos Lleida,Visitante,Jor. 4,17,3,13,20,19,15,4,15,45,15,1,48,10,2,5,12,48,12,7,40,13,3,2,4,104084,BAXI Manresa,https://static.acb.com/img/5b/60/d/75575.png,#B32836,Hiopos Lleida,https://static.acb.com/img/www/clubes2024/2425HioposLleida_positivo.png,#AB1254
BAXI Manresa,Real Madrid,Visitante,Jor. 5,13,8,5,1,25,14,5,23,23,15,1,8,3,2,1,4,65,17,11,67,18,19,5,37,104092,BAXI Manresa,https://static.acb.com/img/5b/60/d/75575.png,#B32836,Real Madrid,https://static.acb.com/img/www/clubes2023/RealMadridLogo202223.png,#FFFFFF
BAXI Manresa,Unicaja,Local,Jor. 6,22,10,14,32,37,13,7,50,50,13,5,56,23,2,7,26,21,9,2,4,25,10,2,15,104099,BAXI Manresa,https://static.acb.com/img/5b/60/d/75575.png,#B32836,Unicaja,https://static.acb.com/img/www/clubes2024/2324UnicajaLogo.png,#3D9C35
BAXI Manresa,Coviran Granada,Local,Jor. 7,23,8,7,14,28,16,1,29,42,17,2,56,18,2,8,12,42,13,3,22,26,13,3,33,104106,BAXI Manresa,https://static.acb.com/img/5b/60/d/75575.png,#B32836,Coviran Granada,https://static.acb.com/img/www/clubes2023/coviran-granada_logopositivo.png,#C2213C
BAXI Manresa,La Laguna TFE,Visitante,Jor. 8,42,6,13,48,5,3,4,-9,39,21,5,48,36,8,13,39,21,7,2,19,37,12,6,50,104117,BAXI Manresa,https://static.acb.com/img/5b/60/d/75575.png,#B32836,La Laguna Tenerife,https://static.acb.com/img/www/clubes2024/2425LaLagunaTenerifeLogo.png,#E9CD5F
BAXI Manresa,Barça,Local,Jor. 9,32,4,7,25,22,4,2,18,31,25,4,31,21,5,5,28,30,13,6,24,21,16,3,22,104128,BAXI Manresa,https://static.acb.com/img/5b/60/d/75575.png,#B32836,Barça,https://static.acb.com/img/www/clubes2024/2324BarcaLogoweb.png,#154284
BAXI Manresa,Leyma Coruña,Visitante,Jor. 10,31,13,8,32,30,12,4,36,28,13,8,25,23,4,5,23,21,8,2,13,30,23,4,38,104134,BAXI Manresa,https://static.acb.com/img/5b/60/d/75575.png,#B32836,Leyma Coruña,https://static.acb.com/img/www/clubes2024/2425BCoruna.png,#E85204
BAXI Manresa,MoraBanc And,Local,Jor. 11,47,4,12,49,32,5,3,29,28,12,1,21,14,1,11,21,62,15,7,68,35,12,1,32,104142,BAXI Manresa,https://static.acb.com/img/5b/60/d/75575.png,#B32836,MoraBanc Andorra,https://static.acb.com/img/10/45/4d/75539.png,#0165BA
BAXI Manresa,Surne Bilbao,Visitante,Jor. 12,26,7,7,17,22,7,2,12,25,13,4,23,32,6,5,31,27,3,7,22,29,20,2,38,104158,BAXI Manresa,https://static.acb.com/img/5b/60/d/75575.png,#B32836,Surne Bilbao Basket,https://static.acb.com/img/www/clubes2022/logo_surnebb_neg.png,#000000
BAXI Manresa,Baskonia,Local,Jor. 13,36,8,6,33,12,8,4,4,32,23,5,41,11,5,5,8,53,11,12,64,18,18,3,25,104167,BAXI Manresa,https://static.acb.com/img/5b/60/d/75575.png,#B32836,Baskonia,https://static.acb.com/logos/1718/baskonia_00.png,#C8102E
Baskonia,NA,Todas,Jor. NA,21,6,6,21,39,12,7,37,26,15,4,34,18,4,11,22,32,10,6,30,37,17,3,44,NA,Baskonia,https://static.acb.com/logos/1718/baskonia_00.png,#C8102E,NA,NA,NA
Baskonia,NA,Todas Local,Jor. NA,25,6,6,26,42,14,6,40,24,13,4,31,20,4,13,26,37,11,6,35,38,17,3,44,NA,Baskonia,https://static.acb.com/logos/1718/baskonia_00.png,#C8102E,NA,NA,NA
Baskonia,NA,Todas  Visitante,Jor. NA,17,6,5,16,36,11,8,34,28,16,4,37,16,5,9,18,28,9,7,26,37,17,2,45,NA,Baskonia,https://static.acb.com/logos/1718/baskonia_00.png,#C8102E,NA,NA,NA
Baskonia,La Laguna TFE,Visitante,Jor. 1,12,4,6,10,40,13,7,35,28,12,2,27,16,2,10,17,36,14,4,46,28,13,2,37,104057,Baskonia,https://static.acb.com/logos/1718/baskonia_00.png,#C8102E,La Laguna Tenerife,https://static.acb.com/img/www/clubes2024/2425LaLagunaTenerifeLogo.png,#E9CD5F
Baskonia,MoraBanc And,Local,Jor. 2,20,5,8,19,49,15,6,50,22,12,4,30,17,4,14,18,48,12,5,50,30,19,2,34,104061,Baskonia,https://static.acb.com/logos/1718/baskonia_00.png,#C8102E,MoraBanc Andorra,https://static.acb.com/img/10/45/4d/75539.png,#0165BA
Baskonia,UCAM Murcia,Local,Jor. 3,18,5,6,20,32,17,7,37,45,11,3,53,24,2,7,18,24,11,9,27,44,19,4,47,104070,Baskonia,https://static.acb.com/logos/1718/baskonia_00.png,#C8102E,UCAM Murcia,https://static.acb.com/img/www/clubes2024/2425UCAMMurcianegativo.png,#A51A14
Baskonia,Barça,Visitante,Jor. 4,23,8,6,30,27,6,8,26,43,14,5,48,11,8,14,18,33,2,5,29,45,14,4,48,104087,Baskonia,https://static.acb.com/logos/1718/baskonia_00.png,#C8102E,Barça,https://static.acb.com/img/www/clubes2024/2324BarcaLogoweb.png,#154284
Baskonia,Joventut,Local,Jor. 5,32,3,4,20,30,9,2,18,17,21,8,43,16,6,7,22,31,8,9,28,35,17,3,47,104089,Baskonia,https://static.acb.com/logos/1718/baskonia_00.png,#C8102E,Joventut Badalona,https://static.acb.com/img/e/53/16/1453195579.png,#2F8E62
Baskonia,Dreamland GC,Visitante,Jor. 6,21,6,1,21,42,9,6,36,23,17,5,35,8,4,11,11,38,12,13,42,46,19,1,53,104104,Baskonia,https://static.acb.com/logos/1718/baskonia_00.png,#C8102E,Dreamland Gran Canaria,https://static.acb.com/img/25/56/4a/75557.png,#FFB718
Baskonia,Hiopos Lleida,Local,Jor. 7,22,7,5,28,56,20,5,62,22,11,3,20,3,0,7,3,60,13,8,49,34,15,3,41,104112,Baskonia,https://static.acb.com/logos/1718/baskonia_00.png,#C8102E,Hiopos Lleida,https://static.acb.com/img/www/clubes2024/2425HioposLleida_positivo.png,#AB1254
Baskonia,Casademont Zgz,Visitante,Jor. 8,22,7,4,18,41,14,11,42,22,16,8,33,17,2,6,19,28,10,5,25,43,15,2,52,104118,Baskonia,https://static.acb.com/logos/1718/baskonia_00.png,#C8102E,Casademont Zaragoza,https://static.acb.com/img/www/clubes2024/2425CasademontZaragoza.png,#C8102E
Baskonia,Valencia Basket,Local,Jor. 9,23,9,8,32,42,9,9,35,26,13,4,22,37,6,23,56,32,12,2,36,47,21,3,58,104131,Baskonia,https://static.acb.com/logos/1718/baskonia_00.png,#C8102E,Valencia Basket,https://static.acb.com/img/23/2/25/1654748673.png,#FC6C0F
Baskonia,Surne Bilbao,Visitante,Jor. 10,14,6,7,9,20,9,6,14,35,20,5,53,15,7,8,25,18,7,7,9,34,18,0,37,104137,Baskonia,https://static.acb.com/logos/1718/baskonia_00.png,#C8102E,Surne Bilbao Basket,https://static.acb.com/img/www/clubes2022/logo_surnebb_neg.png,#000000
Baskonia,Coviran Granada,Visitante,Jor. 11,18,7,8,18,28,12,4,24,29,16,1,37,10,2,7,5,33,11,9,29,30,17,2,45,104148,Baskonia,https://static.acb.com/logos/1718/baskonia_00.png,#C8102E,Coviran Granada,https://static.acb.com/img/www/clubes2023/coviran-granada_logopositivo.png,#C2213C
Baskonia,Unicaja,Local,Jor. 12,35,4,8,34,43,13,5,37,10,12,1,17,26,6,21,39,25,10,3,20,39,10,2,35,104154,Baskonia,https://static.acb.com/logos/1718/baskonia_00.png,#C8102E,Unicaja,https://static.acb.com/img/www/clubes2024/2324UnicajaLogo.png,#3D9C35
Baskonia,BAXI Manresa,Visitante,Jor. 13,11,5,5,8,53,11,12,64,18,18,3,25,36,8,6,33,12,8,4,4,32,23,5,41,104167,Baskonia,https://static.acb.com/logos/1718/baskonia_00.png,#C8102E,BAXI Manresa,https://static.acb.com/img/5b/60/d/75575.png,#B32836
Río Breogán,NA,Todas,Jor. NA,18,4,6,17,27,12,6,21,28,15,3,31,16,5,7,18,38,14,9,43,31,16,3,37,NA,Río Breogán,https://static.acb.com/logos/1718/breogan_00.png,#85ADEA,NA,NA,NA
Río Breogán,NA,Todas Local,Jor. NA,20,3,7,20,29,11,7,25,27,14,3,32,18,6,8,19,39,14,8,38,23,14,3,27,NA,Río Breogán,https://static.acb.com/logos/1718/breogan_00.png,#85ADEA,NA,NA,NA
Río Breogán,NA,Todas  Visitante,Jor. NA,16,5,5,14,25,12,5,18,29,15,3,29,14,4,7,17,37,14,11,47,38,18,3,45,NA,Río Breogán,https://static.acb.com/logos/1718/breogan_00.png,#85ADEA,NA,NA,NA
Río Breogán,Surne Bilbao,Visitante,Jor. 1,17,4,6,15,28,11,5,13,27,13,4,23,22,2,9,26,28,16,7,39,40,21,3,45,104059,Río Breogán,https://static.acb.com/logos/1718/breogan_00.png,#85ADEA,Surne Bilbao Basket,https://static.acb.com/img/www/clubes2022/logo_surnebb_neg.png,#000000
Río Breogán,La Laguna TFE,Local,Jor. 2,21,2,10,27,27,8,8,21,30,14,1,34,23,2,9,17,29,12,4,31,27,11,3,34,104062,Río Breogán,https://static.acb.com/logos/1718/breogan_00.png,#85ADEA,La Laguna Tenerife,https://static.acb.com/img/www/clubes2024/2425LaLagunaTenerifeLogo.png,#E9CD5F
Río Breogán,Valencia Basket,Local,Jor. 3,15,1,6,9,38,15,5,35,22,15,4,35,24,7,10,27,34,12,6,30,29,21,7,36,104076,Río Breogán,https://static.acb.com/logos/1718/breogan_00.png,#85ADEA,Valencia Basket,https://static.acb.com/img/23/2/25/1654748673.png,#FC6C0F
Río Breogán,Joventut,Visitante,Jor. 4,12,3,3,7,31,19,9,43,33,16,4,33,10,4,6,7,25,14,5,30,35,17,3,35,104079,Río Breogán,https://static.acb.com/logos/1718/breogan_00.png,#85ADEA,Joventut Badalona,https://static.acb.com/img/e/53/16/1453195579.png,#2F8E62
Río Breogán,Hiopos Lleida,Local,Jor. 5,15,6,5,21,34,12,10,34,28,15,3,29,4,1,5,6,60,17,16,71,10,6,1,2,104095,Río Breogán,https://static.acb.com/logos/1718/breogan_00.png,#85ADEA,Hiopos Lleida,https://static.acb.com/img/www/clubes2024/2425HioposLleida_positivo.png,#AB1254
Río Breogán,Casademont Zgz,Visitante,Jor. 6,12,3,5,4,11,8,3,-5,30,14,2,22,12,1,6,13,43,15,15,68,65,21,6,93,104098,Río Breogán,https://static.acb.com/logos/1718/breogan_00.png,#85ADEA,Casademont Zaragoza,https://static.acb.com/img/www/clubes2024/2425CasademontZaragoza.png,#C8102E
Río Breogán,Barça,Local,Jor. 7,25,2,8,22,26,10,4,23,26,15,3,31,9,10,5,13,27,7,7,17,34,19,1,43,104114,Río Breogán,https://static.acb.com/logos/1718/breogan_00.png,#85ADEA,Barça,https://static.acb.com/img/www/clubes2024/2324BarcaLogoweb.png,#154284
Río Breogán,UCAM Murcia,Visitante,Jor. 8,18,3,5,18,25,22,4,15,20,15,2,25,11,7,6,16,36,10,17,46,32,21,1,35,104115,Río Breogán,https://static.acb.com/logos/1718/breogan_00.png,#85ADEA,UCAM Murcia,https://static.acb.com/img/www/clubes2024/2425UCAMMurcianegativo.png,#A51A14
Río Breogán,Coviran Granada,Local,Jor. 9,17,2,6,16,26,11,2,14,31,13,6,35,11,1,8,12,50,15,9,49,31,19,3,45,104125,Río Breogán,https://static.acb.com/logos/1718/breogan_00.png,#85ADEA,Coviran Granada,https://static.acb.com/img/www/clubes2023/coviran-granada_logopositivo.png,#C2213C
Río Breogán,Dreamland GC,Visitante,Jor. 10,24,6,6,36,24,7,4,8,34,21,5,35,11,2,3,14,28,8,9,20,34,16,2,43,104138,Río Breogán,https://static.acb.com/logos/1718/breogan_00.png,#85ADEA,Dreamland Gran Canaria,https://static.acb.com/img/25/56/4a/75557.png,#FFB718
Río Breogán,Real Madrid,Visitante,Jor. 11,16,5,2,8,26,13,3,16,27,13,3,26,9,4,9,15,76,20,14,94,21,12,2,31,104147,Río Breogán,https://static.acb.com/logos/1718/breogan_00.png,#85ADEA,Real Madrid,https://static.acb.com/img/www/clubes2023/RealMadridLogo202223.png,#FFFFFF
Río Breogán,Bàsquet Girona,Local,Jor. 12,28,5,5,26,22,10,11,25,27,12,1,31,35,12,10,39,34,18,4,31,5,6,3,4,104151,Río Breogán,https://static.acb.com/logos/1718/breogan_00.png,#85ADEA,Bàsquet Girona,https://static.acb.com/img/www/clubes2023/BASQUET-GIRONA-Logonegativo2223.png,#D5001E
Río Breogán,Unicaja,Visitante,Jor. 13,13,9,8,9,33,6,9,35,31,14,3,41,24,9,10,30,24,16,7,31,38,18,5,36,104163,Río Breogán,https://static.acb.com/logos/1718/breogan_00.png,#85ADEA,Unicaja,https://static.acb.com/img/www/clubes2024/2324UnicajaLogo.png,#3D9C35
Casademont Zgz,NA,Todas,Jor. NA,23,5,9,28,30,12,6,26,42,19,4,51,17,5,7,21,44,11,7,44,25,14,4,25,NA,Casademont Zaragoza,https://static.acb.com/img/www/clubes2024/2425CasademontZaragoza.png,#C8102E,NA,NA,NA
Casademont Zgz,NA,Todas Local,Jor. NA,25,5,9,31,30,14,6,28,46,21,4,60,14,4,5,14,39,10,8,35,23,13,3,20,NA,Casademont Zaragoza,https://static.acb.com/img/www/clubes2024/2425CasademontZaragoza.png,#C8102E,NA,NA,NA
Casademont Zgz,NA,Todas  Visitante,Jor. NA,21,5,9,24,30,9,6,23,37,16,4,40,20,5,10,29,50,13,7,54,27,14,5,31,NA,Casademont Zaragoza,https://static.acb.com/img/www/clubes2024/2425CasademontZaragoza.png,#C8102E,NA,NA,NA
Casademont Zgz,Hiopos Lleida,Local,Jor. 1,24,7,12,37,30,12,4,8,47,24,3,61,4,2,1,5,53,15,13,61,16,5,1,8,104058,Casademont Zaragoza,https://static.acb.com/img/www/clubes2024/2425CasademontZaragoza.png,#C8102E,Hiopos Lleida,https://static.acb.com/img/www/clubes2024/2425HioposLleida_positivo.png,#AB1254
Casademont Zgz,Real Madrid,Visitante,Jor. 2,38,6,9,42,21,9,9,10,36,11,5,34,20,5,9,34,60,15,11,75,21,13,0,18,104065,Casademont Zaragoza,https://static.acb.com/img/www/clubes2024/2425CasademontZaragoza.png,#C8102E,Real Madrid,https://static.acb.com/img/www/clubes2023/RealMadridLogo202223.png,#FFFFFF
Casademont Zgz,Joventut,Local,Jor. 3,31,5,11,36,19,8,3,-1,46,23,3,57,27,5,7,33,37,10,8,47,31,12,3,15,104077,Casademont Zaragoza,https://static.acb.com/img/www/clubes2024/2425CasademontZaragoza.png,#C8102E,Joventut Badalona,https://static.acb.com/img/e/53/16/1453195579.png,#2F8E62
Casademont Zgz,UCAM Murcia,Visitante,Jor. 4,26,7,1,25,27,8,1,13,21,17,2,22,16,4,7,18,50,18,8,63,22,13,3,17,104082,Casademont Zaragoza,https://static.acb.com/img/www/clubes2024/2425CasademontZaragoza.png,#C8102E,UCAM Murcia,https://static.acb.com/img/www/clubes2024/2425UCAMMurcianegativo.png,#A51A14
Casademont Zgz,Leyma Coruña,Visitante,Jor. 5,15,2,9,14,34,7,10,28,39,15,4,42,23,5,14,33,33,12,6,36,54,20,13,76,104091,Casademont Zaragoza,https://static.acb.com/img/www/clubes2024/2425CasademontZaragoza.png,#C8102E,Leyma Coruña,https://static.acb.com/img/www/clubes2024/2425BCoruna.png,#E85204
Casademont Zgz,Río Breogán,Local,Jor. 6,12,1,6,13,43,15,15,68,65,21,6,93,12,3,5,4,11,8,3,-5,30,14,2,22,104098,Casademont Zaragoza,https://static.acb.com/img/www/clubes2024/2425CasademontZaragoza.png,#C8102E,Río Breogán,https://static.acb.com/logos/1718/breogan_00.png,#85ADEA
Casademont Zgz,Valencia Basket,Visitante,Jor. 7,15,3,7,11,32,16,10,28,39,14,3,40,29,8,14,42,57,15,3,61,25,16,8,29,104108,Casademont Zaragoza,https://static.acb.com/img/www/clubes2024/2425CasademontZaragoza.png,#C8102E,Valencia Basket,https://static.acb.com/img/23/2/25/1654748673.png,#FC6C0F
Casademont Zgz,Baskonia,Local,Jor. 8,17,2,6,19,28,10,5,25,43,15,2,52,22,7,4,18,41,14,11,42,22,16,8,33,104118,Casademont Zaragoza,https://static.acb.com/img/www/clubes2024/2425CasademontZaragoza.png,#C8102E,Baskonia,https://static.acb.com/logos/1718/baskonia_00.png,#C8102E
Casademont Zgz,Surne Bilbao,Local,Jor. 9,28,9,8,38,27,13,4,24,27,21,2,36,6,2,6,7,32,5,8,19,33,19,1,33,104126,Casademont Zaragoza,https://static.acb.com/img/www/clubes2024/2425CasademontZaragoza.png,#C8102E,Surne Bilbao Basket,https://static.acb.com/img/www/clubes2022/logo_surnebb_neg.png,#000000
Casademont Zgz,MoraBanc And,Visitante,Jor. 10,12,8,14,26,39,7,3,36,39,22,4,48,15,6,8,25,44,5,5,26,20,13,2,21,104133,Casademont Zaragoza,https://static.acb.com/img/www/clubes2024/2425CasademontZaragoza.png,#C8102E,MoraBanc Andorra,https://static.acb.com/img/10/45/4d/75539.png,#0165BA
Casademont Zgz,Barça,Local,Jor. 11,45,4,10,50,29,21,5,34,42,21,4,48,9,5,10,19,73,5,6,59,13,16,2,12,104150,Casademont Zaragoza,https://static.acb.com/img/www/clubes2024/2425CasademontZaragoza.png,#C8102E,Barça,https://static.acb.com/img/www/clubes2024/2324BarcaLogoweb.png,#154284
Casademont Zgz,Dreamland GC,Visitante,Jor. 12,22,5,15,28,29,8,5,21,46,14,4,52,19,1,5,21,58,13,7,63,19,11,6,25,104156,Casademont Zaragoza,https://static.acb.com/img/www/clubes2024/2425CasademontZaragoza.png,#C8102E,Dreamland Gran Canaria,https://static.acb.com/img/25/56/4a/75557.png,#FFB718
Casademont Zgz,Bàsquet Girona,Local,Jor. 13,15,4,12,22,36,19,6,38,54,23,6,74,21,7,4,11,29,14,5,24,18,11,2,16,104166,Casademont Zaragoza,https://static.acb.com/img/www/clubes2024/2425CasademontZaragoza.png,#C8102E,Bàsquet Girona,https://static.acb.com/img/www/clubes2023/BASQUET-GIRONA-Logonegativo2223.png,#D5001E
Leyma Coruña,NA,Todas,Jor. NA,19,4,10,21,30,11,4,25,35,19,6,45,19,5,8,22,40,12,8,40,33,12,3,36,NA,Leyma Coruña,https://static.acb.com/img/www/clubes2024/2425BCoruna.png,#E85204,NA,NA,NA
Leyma Coruña,NA,Todas Local,Jor. NA,19,4,10,20,27,11,4,25,36,18,7,48,23,5,9,26,37,13,8,37,31,13,4,34,NA,Leyma Coruña,https://static.acb.com/img/www/clubes2024/2425BCoruna.png,#E85204,NA,NA,NA
Leyma Coruña,NA,Todas  Visitante,Jor. NA,20,4,11,22,34,11,4,25,34,20,6,42,14,4,7,18,44,12,8,45,35,11,3,38,NA,Leyma Coruña,https://static.acb.com/img/www/clubes2024/2425BCoruna.png,#E85204,NA,NA,NA
Leyma Coruña,Real Madrid,Local,Jor. 1,38,4,7,33,24,13,9,20,24,14,5,29,24,4,4,27,42,7,6,40,19,14,4,31,104060,Leyma Coruña,https://static.acb.com/img/www/clubes2024/2425BCoruna.png,#E85204,Real Madrid,https://static.acb.com/img/www/clubes2023/RealMadridLogo202223.png,#FFFFFF
Leyma Coruña,Dreamland GC,Visitante,Jor. 2,14,4,13,21,25,11,4,15,33,23,1,39,10,7,6,17,35,11,8,40,35,11,3,32,104066,Leyma Coruña,https://static.acb.com/img/www/clubes2024/2425BCoruna.png,#E85204,Dreamland Gran Canaria,https://static.acb.com/img/25/56/4a/75557.png,#FFB718
Leyma Coruña,MoraBanc And,Visitante,Jor. 3,23,3,11,33,38,12,5,17,26,17,5,28,22,3,11,29,48,8,5,49,42,19,4,51,104072,Leyma Coruña,https://static.acb.com/img/www/clubes2024/2425BCoruna.png,#E85204,MoraBanc Andorra,https://static.acb.com/img/10/45/4d/75539.png,#0165BA
Leyma Coruña,Unicaja,Local,Jor. 4,6,6,14,10,35,11,6,35,42,18,9,56,23,1,8,24,42,13,10,41,25,16,3,32,104080,Leyma Coruña,https://static.acb.com/img/www/clubes2024/2425BCoruna.png,#E85204,Unicaja,https://static.acb.com/img/www/clubes2024/2324UnicajaLogo.png,#3D9C35
Leyma Coruña,Casademont Zgz,Local,Jor. 5,23,5,14,33,33,12,6,36,54,20,13,76,15,2,9,14,34,7,10,28,39,15,4,42,104091,Leyma Coruña,https://static.acb.com/img/www/clubes2024/2425BCoruna.png,#E85204,Casademont Zaragoza,https://static.acb.com/img/www/clubes2024/2425CasademontZaragoza.png,#C8102E
Leyma Coruña,Barça,Visitante,Jor. 6,15,2,10,9,31,10,4,17,34,18,6,34,21,7,5,31,35,11,8,40,50,15,4,64,104103,Leyma Coruña,https://static.acb.com/img/www/clubes2024/2425BCoruna.png,#E85204,Barça,https://static.acb.com/img/www/clubes2024/2324BarcaLogoweb.png,#154284
Leyma Coruña,La Laguna TFE,Local,Jor. 7,7,1,6,2,26,8,1,18,29,12,10,39,42,8,10,54,25,22,8,31,20,9,4,23,104113,Leyma Coruña,https://static.acb.com/img/www/clubes2024/2425BCoruna.png,#E85204,La Laguna Tenerife,https://static.acb.com/img/www/clubes2024/2425LaLagunaTenerifeLogo.png,#E9CD5F
Leyma Coruña,Coviran Granada,Visitante,Jor. 8,19,1,9,11,30,10,1,19,28,22,6,54,6,3,9,11,38,13,7,33,36,9,2,40,104116,Leyma Coruña,https://static.acb.com/img/www/clubes2024/2425BCoruna.png,#E85204,Coviran Granada,https://static.acb.com/img/www/clubes2023/coviran-granada_logopositivo.png,#C2213C
Leyma Coruña,Hiopos Lleida,Visitante,Jor. 9,21,6,15,31,43,12,5,38,42,19,6,52,4,1,4,9,64,14,13,64,31,5,3,20,104130,Leyma Coruña,https://static.acb.com/img/www/clubes2024/2425BCoruna.png,#E85204,Hiopos Lleida,https://static.acb.com/img/www/clubes2024/2425HioposLleida_positivo.png,#AB1254
Leyma Coruña,BAXI Manresa,Local,Jor. 10,23,4,5,23,21,8,2,13,30,23,4,38,31,13,8,32,30,12,4,36,28,13,8,25,104134,Leyma Coruña,https://static.acb.com/img/www/clubes2024/2425BCoruna.png,#E85204,BAXI Manresa,https://static.acb.com/img/5b/60/d/75575.png,#B32836
Leyma Coruña,Bàsquet Girona,Visitante,Jor. 11,25,5,9,29,35,10,6,42,38,19,9,47,21,3,9,8,46,13,7,42,14,5,0,23,104144,Leyma Coruña,https://static.acb.com/img/www/clubes2024/2425BCoruna.png,#E85204,Bàsquet Girona,https://static.acb.com/img/www/clubes2023/BASQUET-GIRONA-Logonegativo2223.png,#D5001E
Leyma Coruña,Joventut,Local,Jor. 12,16,1,14,17,30,12,2,33,39,16,3,50,16,3,10,15,24,15,6,11,54,12,1,62,104155,Leyma Coruña,https://static.acb.com/img/www/clubes2024/2425BCoruna.png,#E85204,Joventut Badalona,https://static.acb.com/img/e/53/16/1453195579.png,#2F8E62
Leyma Coruña,Surne Bilbao,Local,Jor. 13,21,4,7,21,22,11,2,17,36,21,6,46,7,7,15,17,63,13,10,69,30,12,1,26,104162,Leyma Coruña,https://static.acb.com/img/www/clubes2024/2425BCoruna.png,#E85204,Surne Bilbao Basket,https://static.acb.com/img/www/clubes2022/logo_surnebb_neg.png,#000000
Coviran Granada,NA,Todas,Jor. NA,13,3,7,15,38,13,6,31,26,13,3,29,16,5,8,16,32,12,4,29,32,16,4,42,NA,Coviran Granada,https://static.acb.com/img/www/clubes2023/coviran-granada_logopositivo.png,#C2213C,NA,NA,NA
Coviran Granada,NA,Todas Local,Jor. NA,11,3,9,15,38,11,6,33,26,12,3,28,17,4,8,17,28,12,4,24,34,17,4,46,NA,Coviran Granada,https://static.acb.com/img/www/clubes2023/coviran-granada_logopositivo.png,#C2213C,NA,NA,NA
Coviran Granada,NA,Todas  Visitante,Jor. NA,14,3,6,14,38,15,6,29,27,14,3,30,15,5,8,14,36,12,4,34,29,14,4,39,NA,Coviran Granada,https://static.acb.com/img/www/clubes2023/coviran-granada_logopositivo.png,#C2213C,NA,NA,NA
Coviran Granada,Barça,Visitante,Jor. 1,24,6,7,28,23,14,5,2,18,10,1,16,13,12,11,21,39,7,4,44,39,10,3,51,104056,Coviran Granada,https://static.acb.com/img/www/clubes2023/coviran-granada_logopositivo.png,#C2213C,Barça,https://static.acb.com/img/www/clubes2024/2324BarcaLogoweb.png,#154284
Coviran Granada,Unicaja,Local,Jor. 2,11,5,11,19,38,12,1,26,19,6,2,15,21,2,9,25,21,15,8,25,42,21,5,47,104068,Coviran Granada,https://static.acb.com/img/www/clubes2023/coviran-granada_logopositivo.png,#C2213C,Unicaja,https://static.acb.com/img/www/clubes2024/2324UnicajaLogo.png,#3D9C35
Coviran Granada,Bàsquet Girona,Visitante,Jor. 3,11,6,8,22,44,25,5,48,27,17,4,36,19,6,7,2,12,11,0,10,21,12,3,20,104073,Coviran Granada,https://static.acb.com/img/www/clubes2023/coviran-granada_logopositivo.png,#C2213C,Bàsquet Girona,https://static.acb.com/img/www/clubes2023/BASQUET-GIRONA-Logonegativo2223.png,#D5001E
Coviran Granada,La Laguna TFE,Local,Jor. 4,8,2,11,11,42,8,4,35,25,10,2,24,10,1,10,2,38,11,3,45,35,12,1,44,104085,Coviran Granada,https://static.acb.com/img/www/clubes2023/coviran-granada_logopositivo.png,#C2213C,La Laguna Tenerife,https://static.acb.com/img/www/clubes2024/2425LaLagunaTenerifeLogo.png,#E9CD5F
Coviran Granada,MoraBanc And,Visitante,Jor. 5,11,4,5,11,30,13,7,16,30,14,4,30,16,3,15,25,42,7,3,26,29,19,3,59,104090,Coviran Granada,https://static.acb.com/img/www/clubes2023/coviran-granada_logopositivo.png,#C2213C,MoraBanc Andorra,https://static.acb.com/img/10/45/4d/75539.png,#0165BA
Coviran Granada,Surne Bilbao,Local,Jor. 6,14,0,11,23,36,9,4,28,22,12,3,14,22,6,7,33,29,9,8,19,33,17,4,41,104100,Coviran Granada,https://static.acb.com/img/www/clubes2023/coviran-granada_logopositivo.png,#C2213C,Surne Bilbao Basket,https://static.acb.com/img/www/clubes2022/logo_surnebb_neg.png,#000000
Coviran Granada,BAXI Manresa,Visitante,Jor. 7,18,2,8,12,42,13,3,22,26,13,3,33,23,8,7,14,28,16,1,29,42,17,2,56,104106,Coviran Granada,https://static.acb.com/img/www/clubes2023/coviran-granada_logopositivo.png,#C2213C,BAXI Manresa,https://static.acb.com/img/5b/60/d/75575.png,#B32836
Coviran Granada,Leyma Coruña,Local,Jor. 8,6,3,9,11,38,13,7,33,36,9,2,40,19,1,9,11,30,10,1,19,28,22,6,54,104116,Coviran Granada,https://static.acb.com/img/www/clubes2023/coviran-granada_logopositivo.png,#C2213C,Leyma Coruña,https://static.acb.com/img/www/clubes2024/2425BCoruna.png,#E85204
Coviran Granada,Río Breogán,Visitante,Jor. 9,11,1,8,12,50,15,9,49,31,19,3,45,17,2,6,16,26,11,2,14,31,13,6,35,104125,Coviran Granada,https://static.acb.com/img/www/clubes2023/coviran-granada_logopositivo.png,#C2213C,Río Breogán,https://static.acb.com/logos/1718/breogan_00.png,#85ADEA
Coviran Granada,Joventut,Local,Jor. 10,19,4,4,22,44,15,8,46,24,18,5,27,14,4,4,13,23,13,2,9,40,16,4,51,104139,Coviran Granada,https://static.acb.com/img/www/clubes2023/coviran-granada_logopositivo.png,#C2213C,Joventut Badalona,https://static.acb.com/img/e/53/16/1453195579.png,#2F8E62
Coviran Granada,Baskonia,Local,Jor. 11,10,2,7,5,33,11,9,29,30,17,2,45,18,7,8,18,28,12,4,24,29,16,1,37,104148,Coviran Granada,https://static.acb.com/img/www/clubes2023/coviran-granada_logopositivo.png,#C2213C,Baskonia,https://static.acb.com/logos/1718/baskonia_00.png,#C8102E
Coviran Granada,Hiopos Lleida,Visitante,Jor. 12,5,4,2,2,34,12,9,27,35,12,3,31,11,5,6,20,54,16,8,54,22,16,3,25,104152,Coviran Granada,https://static.acb.com/img/www/clubes2023/coviran-granada_logopositivo.png,#C2213C,Hiopos Lleida,https://static.acb.com/img/www/clubes2024/2425HioposLleida_positivo.png,#AB1254
Coviran Granada,UCAM Murcia,Visitante,Jor. 13,15,1,2,11,45,11,4,38,21,13,3,22,9,2,4,2,48,19,8,62,19,11,7,26,104165,Coviran Granada,https://static.acb.com/img/www/clubes2023/coviran-granada_logopositivo.png,#C2213C,UCAM Murcia,https://static.acb.com/img/www/clubes2024/2425UCAMMurcianegativo.png,#A51A14
Dreamland GC,NA,Todas,Jor. NA,14,4,5,18,38,11,7,37,31,15,4,34,24,5,8,28,29,9,4,21,28,17,3,33,NA,Dreamland Gran Canaria,https://static.acb.com/img/25/56/4a/75557.png,#FFB718,NA,NA,NA
Dreamland GC,NA,Todas Local,Jor. NA,15,4,6,19,40,12,9,42,32,13,3,35,24,5,9,29,29,10,5,21,30,17,3,34,NA,Dreamland Gran Canaria,https://static.acb.com/img/25/56/4a/75557.png,#FFB718,NA,NA,NA
Dreamland GC,NA,Todas  Visitante,Jor. NA,14,4,5,16,36,10,5,31,30,18,5,34,24,4,8,27,29,8,4,21,25,16,2,32,NA,Dreamland Gran Canaria,https://static.acb.com/img/25/56/4a/75557.png,#FFB718,NA,NA,NA
Dreamland GC,MoraBanc And,Visitante,Jor. 1,22,5,7,25,30,7,6,31,39,18,6,52,18,6,6,18,44,11,1,29,9,17,0,7,104054,Dreamland Gran Canaria,https://static.acb.com/img/25/56/4a/75557.png,#FFB718,MoraBanc Andorra,https://static.acb.com/img/10/45/4d/75539.png,#0165BA
Dreamland GC,Leyma Coruña,Local,Jor. 2,10,7,6,17,35,11,8,40,35,11,3,32,14,4,13,21,25,11,4,15,33,23,1,39,104066,Dreamland Gran Canaria,https://static.acb.com/img/25/56/4a/75557.png,#FFB718,Leyma Coruña,https://static.acb.com/img/www/clubes2024/2425BCoruna.png,#E85204
Dreamland GC,BAXI Manresa,Visitante,Jor. 3,7,3,4,9,28,14,3,20,23,21,4,22,23,8,6,21,16,6,2,2,40,24,5,57,104075,Dreamland Gran Canaria,https://static.acb.com/img/25/56/4a/75557.png,#FFB718,BAXI Manresa,https://static.acb.com/img/5b/60/d/75575.png,#B32836
Dreamland GC,Surne Bilbao,Local,Jor. 4,13,6,3,19,46,15,7,54,21,15,4,23,22,3,6,28,16,10,4,0,29,13,4,29,104081,Dreamland Gran Canaria,https://static.acb.com/img/25/56/4a/75557.png,#FFB718,Surne Bilbao Basket,https://static.acb.com/img/www/clubes2022/logo_surnebb_neg.png,#000000
Dreamland GC,La Laguna TFE,Visitante,Jor. 5,15,3,7,15,29,10,3,26,30,15,2,32,26,2,16,34,22,6,2,20,34,17,3,47,104093,Dreamland Gran Canaria,https://static.acb.com/img/25/56/4a/75557.png,#FFB718,La Laguna Tenerife,https://static.acb.com/img/www/clubes2024/2425LaLagunaTenerifeLogo.png,#E9CD5F
Dreamland GC,Baskonia,Local,Jor. 6,8,4,11,11,38,12,13,42,46,19,1,53,21,6,1,21,42,9,6,36,23,17,5,35,104104,Dreamland Gran Canaria,https://static.acb.com/img/25/56/4a/75557.png,#FFB718,Baskonia,https://static.acb.com/logos/1718/baskonia_00.png,#C8102E
Dreamland GC,Real Madrid,Visitante,Jor. 7,12,5,5,19,47,7,5,28,18,20,8,28,20,3,9,33,43,12,4,42,20,11,1,22,104111,Dreamland Gran Canaria,https://static.acb.com/img/25/56/4a/75557.png,#FFB718,Real Madrid,https://static.acb.com/img/www/clubes2023/RealMadridLogo202223.png,#FFFFFF
Dreamland GC,Bàsquet Girona,Local,Jor. 8,21,3,4,26,42,12,14,49,26,10,2,20,35,10,8,42,38,12,7,38,11,9,1,12,104120,Dreamland Gran Canaria,https://static.acb.com/img/25/56/4a/75557.png,#FFB718,Bàsquet Girona,https://static.acb.com/img/www/clubes2023/BASQUET-GIRONA-Logonegativo2223.png,#D5001E
Dreamland GC,UCAM Murcia,Visitante,Jor. 9,9,7,6,9,45,14,4,55,29,16,4,22,6,0,1,2,27,7,8,22,30,15,3,40,104129,Dreamland Gran Canaria,https://static.acb.com/img/25/56/4a/75557.png,#FFB718,UCAM Murcia,https://static.acb.com/img/www/clubes2024/2425UCAMMurcianegativo.png,#A51A14
Dreamland GC,Río Breogán,Local,Jor. 10,11,2,3,14,28,8,9,20,34,16,2,43,24,6,6,36,24,7,4,8,34,21,5,35,104138,Dreamland Gran Canaria,https://static.acb.com/img/25/56/4a/75557.png,#FFB718,Río Breogán,https://static.acb.com/logos/1718/breogan_00.png,#85ADEA
Dreamland GC,Unicaja,Visitante,Jor. 11,18,4,2,22,35,8,10,27,41,19,7,49,49,6,9,55,23,9,4,10,16,15,3,18,104145,Dreamland Gran Canaria,https://static.acb.com/img/25/56/4a/75557.png,#FFB718,Unicaja,https://static.acb.com/img/www/clubes2024/2324UnicajaLogo.png,#3D9C35
Dreamland GC,Casademont Zgz,Local,Jor. 12,19,1,5,21,58,13,7,63,19,11,6,25,22,5,15,28,29,8,5,21,46,14,4,52,104156,Dreamland Gran Canaria,https://static.acb.com/img/25/56/4a/75557.png,#FFB718,Casademont Zaragoza,https://static.acb.com/img/www/clubes2024/2425CasademontZaragoza.png,#C8102E
Dreamland GC,Valencia Basket,Local,Jor. 13,21,7,7,27,34,13,8,26,42,9,0,47,27,3,13,27,31,10,5,32,36,22,3,36,104161,Dreamland Gran Canaria,https://static.acb.com/img/25/56/4a/75557.png,#FFB718,Valencia Basket,https://static.acb.com/img/23/2/25/1654748673.png,#FC6C0F
Bàsquet Girona,NA,Todas,Jor. NA,33,7,9,28,27,12,4,23,16,11,1,18,21,4,9,25,35,13,7,34,34,17,4,43,NA,Bàsquet Girona,https://static.acb.com/img/www/clubes2023/BASQUET-GIRONA-Logonegativo2223.png,#D5001E,NA,NA,NA
Bàsquet Girona,NA,Todas Local,Jor. NA,32,6,10,26,29,12,4,23,19,12,0,24,20,5,8,22,36,12,6,30,34,20,4,43,NA,Bàsquet Girona,https://static.acb.com/img/www/clubes2023/BASQUET-GIRONA-Logonegativo2223.png,#D5001E,NA,NA,NA
Bàsquet Girona,NA,Todas  Visitante,Jor. NA,33,7,8,29,25,12,4,23,14,10,1,13,23,4,9,27,35,14,8,38,34,15,4,42,NA,Bàsquet Girona,https://static.acb.com/img/www/clubes2023/BASQUET-GIRONA-Logonegativo2223.png,#D5001E,NA,NA,NA
Bàsquet Girona,Unicaja,Visitante,Jor. 1,43,7,7,37,13,8,1,11,17,12,2,10,31,4,10,34,28,7,3,17,31,18,8,48,104053,Bàsquet Girona,https://static.acb.com/img/www/clubes2023/BASQUET-GIRONA-Logonegativo2223.png,#D5001E,Unicaja,https://static.acb.com/img/www/clubes2024/2324UnicajaLogo.png,#3D9C35
Bàsquet Girona,BAXI Manresa,Local,Jor. 2,36,6,15,44,27,17,2,20,21,15,0,23,18,4,6,3,24,8,6,24,38,27,4,56,104067,Bàsquet Girona,https://static.acb.com/img/www/clubes2023/BASQUET-GIRONA-Logonegativo2223.png,#D5001E,BAXI Manresa,https://static.acb.com/img/5b/60/d/75575.png,#B32836
Bàsquet Girona,Coviran Granada,Local,Jor. 3,19,6,7,2,12,11,0,10,21,12,3,20,11,6,8,22,44,25,5,48,27,17,4,36,104073,Bàsquet Girona,https://static.acb.com/img/www/clubes2023/BASQUET-GIRONA-Logonegativo2223.png,#D5001E,Coviran Granada,https://static.acb.com/img/www/clubes2023/coviran-granada_logopositivo.png,#C2213C
Bàsquet Girona,Real Madrid,Visitante,Jor. 4,42,8,7,39,15,7,2,6,8,11,2,3,14,1,5,22,61,20,10,69,20,12,1,29,104083,Bàsquet Girona,https://static.acb.com/img/www/clubes2023/BASQUET-GIRONA-Logonegativo2223.png,#D5001E,Real Madrid,https://static.acb.com/img/www/clubes2023/RealMadridLogo202223.png,#FFFFFF
Bàsquet Girona,UCAM Murcia,Local,Jor. 5,31,5,7,18,26,11,3,21,18,11,0,24,23,4,5,31,31,6,8,16,28,20,1,32,104088,Bàsquet Girona,https://static.acb.com/img/www/clubes2023/BASQUET-GIRONA-Logonegativo2223.png,#D5001E,UCAM Murcia,https://static.acb.com/img/www/clubes2024/2425UCAMMurcianegativo.png,#A51A14
Bàsquet Girona,Joventut,Visitante,Jor. 6,21,2,6,11,24,10,5,30,23,8,0,16,12,3,10,10,29,20,8,38,42,11,5,50,104097,Bàsquet Girona,https://static.acb.com/img/www/clubes2023/BASQUET-GIRONA-Logonegativo2223.png,#D5001E,Joventut Badalona,https://static.acb.com/img/e/53/16/1453195579.png,#2F8E62
Bàsquet Girona,Surne Bilbao,Local,Jor. 7,39,11,11,41,40,11,2,37,21,13,0,24,24,4,7,20,27,10,7,13,43,19,1,49,104110,Bàsquet Girona,https://static.acb.com/img/www/clubes2023/BASQUET-GIRONA-Logonegativo2223.png,#D5001E,Surne Bilbao Basket,https://static.acb.com/img/www/clubes2022/logo_surnebb_neg.png,#000000
Bàsquet Girona,Dreamland GC,Visitante,Jor. 8,35,10,8,42,38,12,7,38,11,9,1,12,21,3,4,26,42,12,14,49,26,10,2,20,104120,Bàsquet Girona,https://static.acb.com/img/www/clubes2023/BASQUET-GIRONA-Logonegativo2223.png,#D5001E,Dreamland Gran Canaria,https://static.acb.com/img/25/56/4a/75557.png,#FFB718
Bàsquet Girona,MoraBanc And,Local,Jor. 9,46,6,9,44,21,12,7,10,18,16,0,28,18,6,14,27,52,11,3,40,28,15,2,37,104127,Bàsquet Girona,https://static.acb.com/img/www/clubes2023/BASQUET-GIRONA-Logonegativo2223.png,#D5001E,MoraBanc Andorra,https://static.acb.com/img/10/45/4d/75539.png,#0165BA
Bàsquet Girona,Valencia Basket,Visitante,Jor. 10,36,4,13,25,25,12,3,18,17,14,0,30,38,6,17,48,25,11,2,27,35,18,6,44,104136,Bàsquet Girona,https://static.acb.com/img/www/clubes2023/BASQUET-GIRONA-Logonegativo2223.png,#D5001E,Valencia Basket,https://static.acb.com/img/23/2/25/1654748673.png,#FC6C0F
Bàsquet Girona,Leyma Coruña,Local,Jor. 11,21,3,9,8,46,13,7,42,14,5,0,23,25,5,9,29,35,10,6,42,38,19,9,47,104144,Bàsquet Girona,https://static.acb.com/img/www/clubes2023/BASQUET-GIRONA-Logonegativo2223.png,#D5001E,Leyma Coruña,https://static.acb.com/img/www/clubes2024/2425BCoruna.png,#E85204
Bàsquet Girona,Río Breogán,Visitante,Jor. 12,35,12,10,39,34,18,4,31,5,6,3,4,28,5,5,26,22,10,11,25,27,12,1,31,104151,Bàsquet Girona,https://static.acb.com/img/www/clubes2023/BASQUET-GIRONA-Logonegativo2223.png,#D5001E,Río Breogán,https://static.acb.com/logos/1718/breogan_00.png,#85ADEA
Bàsquet Girona,Casademont Zgz,Visitante,Jor. 13,21,7,4,11,29,14,5,24,18,11,2,16,15,4,12,22,36,19,6,38,54,23,6,74,104166,Bàsquet Girona,https://static.acb.com/img/www/clubes2023/BASQUET-GIRONA-Logonegativo2223.png,#D5001E,Casademont Zaragoza,https://static.acb.com/img/www/clubes2024/2425CasademontZaragoza.png,#C8102E
Hiopos Lleida,NA,Todas,Jor. NA,7,2,4,10,50,13,11,48,20,9,2,16,17,5,8,21,37,13,7,34,32,16,3,39,NA,Hiopos Lleida,https://static.acb.com/img/www/clubes2024/2425HioposLleida_positivo.png,#AB1254,NA,NA,NA
Hiopos Lleida,NA,Todas Local,Jor. NA,8,3,6,13,50,14,9,47,22,9,2,16,12,5,7,12,36,13,6,31,32,17,2,38,NA,Hiopos Lleida,https://static.acb.com/img/www/clubes2024/2425HioposLleida_positivo.png,#AB1254,NA,NA,NA
Hiopos Lleida,NA,Todas  Visitante,Jor. NA,6,2,3,8,49,12,12,48,19,9,2,15,21,6,9,30,39,13,7,37,32,16,3,39,NA,Hiopos Lleida,https://static.acb.com/img/www/clubes2024/2425HioposLleida_positivo.png,#AB1254,NA,NA,NA
Hiopos Lleida,Casademont Zgz,Visitante,Jor. 1,4,2,1,5,53,15,13,61,16,5,1,8,24,7,12,37,30,12,4,8,47,24,3,61,104058,Hiopos Lleida,https://static.acb.com/img/www/clubes2024/2425HioposLleida_positivo.png,#AB1254,Casademont Zaragoza,https://static.acb.com/img/www/clubes2024/2425CasademontZaragoza.png,#C8102E
Hiopos Lleida,Barça,Local,Jor. 2,8,1,2,10,37,13,6,25,19,14,1,20,6,8,6,2,43,12,7,48,29,19,2,34,104069,Hiopos Lleida,https://static.acb.com/img/www/clubes2024/2425HioposLleida_positivo.png,#AB1254,Barça,https://static.acb.com/img/www/clubes2024/2324BarcaLogoweb.png,#154284
Hiopos Lleida,Unicaja,Visitante,Jor. 3,9,0,2,8,27,10,7,23,12,6,2,1,23,5,12,39,34,12,13,45,44,18,6,56,104071,Hiopos Lleida,https://static.acb.com/img/www/clubes2024/2425HioposLleida_positivo.png,#AB1254,Unicaja,https://static.acb.com/img/www/clubes2024/2324UnicajaLogo.png,#3D9C35
Hiopos Lleida,BAXI Manresa,Local,Jor. 4,10,2,5,12,48,12,7,40,13,3,2,4,17,3,13,20,19,15,4,15,45,15,1,48,104084,Hiopos Lleida,https://static.acb.com/img/www/clubes2024/2425HioposLleida_positivo.png,#AB1254,BAXI Manresa,https://static.acb.com/img/5b/60/d/75575.png,#B32836
Hiopos Lleida,Río Breogán,Visitante,Jor. 5,4,1,5,6,60,17,16,71,10,6,1,2,15,6,5,21,34,12,10,34,28,15,3,29,104095,Hiopos Lleida,https://static.acb.com/img/www/clubes2024/2425HioposLleida_positivo.png,#AB1254,Río Breogán,https://static.acb.com/logos/1718/breogan_00.png,#85ADEA
Hiopos Lleida,MoraBanc And,Local,Jor. 6,4,1,5,4,49,18,12,45,25,9,0,18,5,3,2,5,50,24,6,46,15,15,1,22,104102,Hiopos Lleida,https://static.acb.com/img/www/clubes2024/2425HioposLleida_positivo.png,#AB1254,MoraBanc Andorra,https://static.acb.com/img/10/45/4d/75539.png,#0165BA
Hiopos Lleida,Baskonia,Visitante,Jor. 7,3,0,7,3,60,13,8,49,34,15,3,41,22,7,5,28,56,20,5,62,22,11,3,20,104112,Hiopos Lleida,https://static.acb.com/img/www/clubes2024/2425HioposLleida_positivo.png,#AB1254,Baskonia,https://static.acb.com/logos/1718/baskonia_00.png,#C8102E
Hiopos Lleida,Real Madrid,Visitante,Jor. 8,2,1,1,6,52,10,12,42,20,14,2,25,13,6,5,18,55,15,7,59,17,13,3,17,104119,Hiopos Lleida,https://static.acb.com/img/www/clubes2024/2425HioposLleida_positivo.png,#AB1254,Real Madrid,https://static.acb.com/img/www/clubes2023/RealMadridLogo202223.png,#FFFFFF
Hiopos Lleida,Leyma Coruña,Local,Jor. 9,4,1,4,9,64,14,13,64,31,5,3,20,21,6,15,31,43,12,5,38,42,19,6,52,104130,Hiopos Lleida,https://static.acb.com/img/www/clubes2024/2425HioposLleida_positivo.png,#AB1254,Leyma Coruña,https://static.acb.com/img/www/clubes2024/2425BCoruna.png,#E85204
Hiopos Lleida,La Laguna TFE,Visitante,Jor. 10,7,4,2,14,58,11,17,58,17,6,2,16,30,5,14,40,31,7,3,26,30,12,3,40,104135,Hiopos Lleida,https://static.acb.com/img/www/clubes2024/2425HioposLleida_positivo.png,#AB1254,La Laguna Tenerife,https://static.acb.com/img/www/clubes2024/2425LaLagunaTenerifeLogo.png,#E9CD5F
Hiopos Lleida,Surne Bilbao,Local,Jor. 11,11,8,13,22,49,14,8,54,24,6,2,12,16,4,3,9,24,3,6,10,26,24,2,43,104149,Hiopos Lleida,https://static.acb.com/img/www/clubes2024/2425HioposLleida_positivo.png,#AB1254,Surne Bilbao Basket,https://static.acb.com/img/www/clubes2022/logo_surnebb_neg.png,#000000
Hiopos Lleida,Coviran Granada,Local,Jor. 12,11,5,6,20,54,16,8,54,22,16,3,25,5,4,2,2,34,12,9,27,35,12,3,31,104152,Hiopos Lleida,https://static.acb.com/img/www/clubes2024/2425HioposLleida_positivo.png,#AB1254,Coviran Granada,https://static.acb.com/img/www/clubes2023/coviran-granada_logopositivo.png,#C2213C
Hiopos Lleida,Joventut,Visitante,Jor. 13,14,6,2,17,35,11,11,33,23,13,1,11,22,5,7,25,33,16,7,27,37,17,1,51,104160,Hiopos Lleida,https://static.acb.com/img/www/clubes2024/2425HioposLleida_positivo.png,#AB1254,Joventut Badalona,https://static.acb.com/img/e/53/16/1453195579.png,#2F8E62
Joventut,NA,Todas,Jor. NA,17,4,7,16,32,13,6,31,35,16,4,43,21,4,7,20,31,11,6,29,28,17,4,33,NA,Joventut Badalona,https://static.acb.com/img/e/53/16/1453195579.png,#2F8E62,NA,NA,NA
Joventut,NA,Todas Local,Jor. NA,16,5,7,16,35,15,6,37,32,15,4,41,18,4,6,17,32,12,7,32,26,14,3,27,NA,Joventut Badalona,https://static.acb.com/img/e/53/16/1453195579.png,#2F8E62,NA,NA,NA
Joventut,NA,Todas  Visitante,Jor. NA,17,3,7,16,30,11,6,25,38,16,4,45,23,4,8,24,31,10,5,25,31,20,4,41,NA,Joventut Badalona,https://static.acb.com/img/e/53/16/1453195579.png,#2F8E62,NA,NA,NA
Joventut,UCAM Murcia,Local,Jor. 1,18,6,6,19,41,14,5,46,32,13,7,41,10,5,3,5,41,5,7,37,25,13,5,32,104052,Joventut Badalona,https://static.acb.com/img/e/53/16/1453195579.png,#2F8E62,UCAM Murcia,https://static.acb.com/img/www/clubes2024/2425UCAMMurcianegativo.png,#A51A14
Joventut,Valencia Basket,Visitante,Jor. 2,16,2,7,8,18,4,3,1,26,22,2,39,17,6,9,19,36,12,8,38,31,23,3,37,104064,Joventut Badalona,https://static.acb.com/img/e/53/16/1453195579.png,#2F8E62,Valencia Basket,https://static.acb.com/img/23/2/25/1654748673.png,#FC6C0F
Joventut,Casademont Zgz,Visitante,Jor. 3,27,5,7,33,37,10,8,47,31,12,3,15,31,5,11,36,19,8,3,-1,46,23,3,57,104077,Joventut Badalona,https://static.acb.com/img/e/53/16/1453195579.png,#2F8E62,Casademont Zaragoza,https://static.acb.com/img/www/clubes2024/2425CasademontZaragoza.png,#C8102E
Joventut,Río Breogán,Local,Jor. 4,10,4,6,7,25,14,5,30,35,17,3,35,12,3,3,7,31,19,9,43,33,16,4,33,104079,Joventut Badalona,https://static.acb.com/img/e/53/16/1453195579.png,#2F8E62,Río Breogán,https://static.acb.com/logos/1718/breogan_00.png,#85ADEA
Joventut,Baskonia,Visitante,Jor. 5,16,6,7,22,31,8,9,28,35,17,3,47,32,3,4,20,30,9,2,18,17,21,8,43,104089,Joventut Badalona,https://static.acb.com/img/e/53/16/1453195579.png,#2F8E62,Baskonia,https://static.acb.com/logos/1718/baskonia_00.png,#C8102E
Joventut,Bàsquet Girona,Local,Jor. 6,12,3,10,10,29,20,8,38,42,11,5,50,21,2,6,11,24,10,5,30,23,8,0,16,104097,Joventut Badalona,https://static.acb.com/img/e/53/16/1453195579.png,#2F8E62,Bàsquet Girona,https://static.acb.com/img/www/clubes2023/BASQUET-GIRONA-Logonegativo2223.png,#D5001E
Joventut,Unicaja,Local,Jor. 7,11,9,6,17,44,15,5,34,20,12,6,33,19,1,9,18,20,7,5,21,40,22,5,42,104109,Joventut Badalona,https://static.acb.com/img/e/53/16/1453195579.png,#2F8E62,Unicaja,https://static.acb.com/img/www/clubes2024/2324UnicajaLogo.png,#3D9C35
Joventut,Surne Bilbao,Visitante,Jor. 8,11,0,8,8,45,14,11,52,39,19,8,54,25,3,4,28,26,6,7,16,28,19,1,34,104122,Joventut Badalona,https://static.acb.com/img/e/53/16/1453195579.png,#2F8E62,Surne Bilbao Basket,https://static.acb.com/img/www/clubes2022/logo_surnebb_neg.png,#000000
Joventut,Real Madrid,Local,Jor. 9,18,6,4,9,30,12,6,28,32,20,3,45,19,7,6,26,42,14,7,26,15,13,3,21,104132,Joventut Badalona,https://static.acb.com/img/e/53/16/1453195579.png,#2F8E62,Real Madrid,https://static.acb.com/img/www/clubes2023/RealMadridLogo202223.png,#FFFFFF
Joventut,Coviran Granada,Visitante,Jor. 10,14,4,4,13,23,13,2,9,40,16,4,51,19,4,4,22,44,15,8,46,24,18,5,27,104139,Joventut Badalona,https://static.acb.com/img/e/53/16/1453195579.png,#2F8E62,Coviran Granada,https://static.acb.com/img/www/clubes2023/coviran-granada_logopositivo.png,#C2213C
Joventut,La Laguna TFE,Local,Jor. 11,24,2,8,22,42,12,7,53,27,14,5,31,33,2,15,35,31,21,2,35,22,13,6,31,104146,Joventut Badalona,https://static.acb.com/img/e/53/16/1453195579.png,#2F8E62,La Laguna Tenerife,https://static.acb.com/img/www/clubes2024/2425LaLagunaTenerifeLogo.png,#E9CD5F
Joventut,Leyma Coruña,Visitante,Jor. 12,16,3,10,15,24,15,6,11,54,12,1,62,16,1,14,17,30,12,2,33,39,16,3,50,104155,Joventut Badalona,https://static.acb.com/img/e/53/16/1453195579.png,#2F8E62,Leyma Coruña,https://static.acb.com/img/www/clubes2024/2425BCoruna.png,#E85204
Joventut,Hiopos Lleida,Local,Jor. 13,22,5,7,25,33,16,7,27,37,17,1,51,14,6,2,17,35,11,11,33,23,13,1,11,104160,Joventut Badalona,https://static.acb.com/img/e/53/16/1453195579.png,#2F8E62,Hiopos Lleida,https://static.acb.com/img/www/clubes2024/2425HioposLleida_positivo.png,#AB1254
La Laguna TFE,NA,Todas,Jor. NA,25,4,12,27,31,13,4,34,28,11,3,36,20,4,9,21,33,9,6,31,30,13,4,33,NA,La Laguna Tenerife,https://static.acb.com/img/www/clubes2024/2425LaLagunaTenerifeLogo.png,#E9CD5F,NA,NA,NA
La Laguna TFE,NA,Todas Local,Jor. NA,25,4,12,29,29,11,4,31,30,12,3,40,24,4,8,27,29,9,7,26,29,13,3,31,NA,La Laguna Tenerife,https://static.acb.com/img/www/clubes2024/2425LaLagunaTenerifeLogo.png,#E9CD5F,NA,NA,NA
La Laguna TFE,NA,Todas  Visitante,Jor. NA,26,3,11,25,32,14,4,36,26,11,3,32,16,3,10,17,36,9,5,35,30,13,4,35,NA,La Laguna Tenerife,https://static.acb.com/img/www/clubes2024/2425LaLagunaTenerifeLogo.png,#E9CD5F,NA,NA,NA
La Laguna TFE,Baskonia,Local,Jor. 1,16,2,10,17,36,14,4,46,28,13,2,37,12,4,6,10,40,13,7,35,28,12,2,27,104057,La Laguna Tenerife,https://static.acb.com/img/www/clubes2024/2425LaLagunaTenerifeLogo.png,#E9CD5F,Baskonia,https://static.acb.com/logos/1718/baskonia_00.png,#C8102E
La Laguna TFE,Río Breogán,Visitante,Jor. 2,23,2,9,17,29,12,4,31,27,11,3,34,21,2,10,27,27,8,8,21,30,14,1,34,104062,La Laguna Tenerife,https://static.acb.com/img/www/clubes2024/2425LaLagunaTenerifeLogo.png,#E9CD5F,Río Breogán,https://static.acb.com/logos/1718/breogan_00.png,#85ADEA
La Laguna TFE,Barça,Local,Jor. 3,10,4,14,17,32,10,4,33,39,9,2,46,34,5,15,38,29,11,3,39,32,9,6,32,104078,La Laguna Tenerife,https://static.acb.com/img/www/clubes2024/2425LaLagunaTenerifeLogo.png,#E9CD5F,Barça,https://static.acb.com/img/www/clubes2024/2324BarcaLogoweb.png,#154284
La Laguna TFE,Coviran Granada,Visitante,Jor. 4,10,1,10,2,38,11,3,45,35,12,1,44,8,2,11,11,42,8,4,35,25,10,2,24,104085,La Laguna Tenerife,https://static.acb.com/img/www/clubes2024/2425LaLagunaTenerifeLogo.png,#E9CD5F,Coviran Granada,https://static.acb.com/img/www/clubes2023/coviran-granada_logopositivo.png,#C2213C
La Laguna TFE,Dreamland GC,Local,Jor. 5,26,2,16,34,22,6,2,20,34,17,3,47,15,3,7,15,29,10,3,26,30,15,2,32,104093,La Laguna Tenerife,https://static.acb.com/img/www/clubes2024/2425LaLagunaTenerifeLogo.png,#E9CD5F,Dreamland Gran Canaria,https://static.acb.com/img/25/56/4a/75557.png,#FFB718
La Laguna TFE,Valencia Basket,Visitante,Jor. 6,30,3,11,29,29,8,1,28,22,11,1,27,19,8,12,18,37,4,2,36,40,19,8,59,104101,La Laguna Tenerife,https://static.acb.com/img/www/clubes2024/2425LaLagunaTenerifeLogo.png,#E9CD5F,Valencia Basket,https://static.acb.com/img/23/2/25/1654748673.png,#FC6C0F
La Laguna TFE,Leyma Coruña,Visitante,Jor. 7,42,8,10,54,25,22,8,31,20,9,4,23,7,1,6,2,26,8,1,18,29,12,10,39,104113,La Laguna Tenerife,https://static.acb.com/img/www/clubes2024/2425LaLagunaTenerifeLogo.png,#E9CD5F,Leyma Coruña,https://static.acb.com/img/www/clubes2024/2425BCoruna.png,#E85204
La Laguna TFE,BAXI Manresa,Local,Jor. 8,36,8,13,39,21,7,2,19,37,12,6,50,42,6,13,48,5,3,4,-9,39,21,5,48,104117,La Laguna Tenerife,https://static.acb.com/img/www/clubes2024/2425LaLagunaTenerifeLogo.png,#E9CD5F,BAXI Manresa,https://static.acb.com/img/5b/60/d/75575.png,#B32836
La Laguna TFE,Unicaja,Visitante,Jor. 9,16,1,8,7,29,14,5,35,36,13,5,45,16,3,13,24,41,15,4,47,27,10,2,23,104124,La Laguna Tenerife,https://static.acb.com/img/www/clubes2024/2425LaLagunaTenerifeLogo.png,#E9CD5F,Unicaja,https://static.acb.com/img/www/clubes2024/2324UnicajaLogo.png,#3D9C35
La Laguna TFE,Hiopos Lleida,Local,Jor. 10,30,5,14,40,31,7,3,26,30,12,3,40,7,4,2,14,58,11,17,58,17,6,2,16,104135,La Laguna Tenerife,https://static.acb.com/img/www/clubes2024/2425LaLagunaTenerifeLogo.png,#E9CD5F,Hiopos Lleida,https://static.acb.com/img/www/clubes2024/2425HioposLleida_positivo.png,#AB1254
La Laguna TFE,Joventut,Visitante,Jor. 11,33,2,15,35,31,21,2,35,22,13,6,31,24,2,8,22,42,12,7,53,27,14,5,31,104146,La Laguna Tenerife,https://static.acb.com/img/www/clubes2024/2425LaLagunaTenerifeLogo.png,#E9CD5F,Joventut Badalona,https://static.acb.com/img/e/53/16/1453195579.png,#2F8E62
La Laguna TFE,UCAM Murcia,Local,Jor. 12,33,2,8,29,34,20,7,44,15,9,2,22,31,4,8,35,13,7,7,5,30,17,0,31,104153,La Laguna Tenerife,https://static.acb.com/img/www/clubes2024/2425LaLagunaTenerifeLogo.png,#E9CD5F,UCAM Murcia,https://static.acb.com/img/www/clubes2024/2425UCAMMurcianegativo.png,#A51A14
La Laguna TFE,MoraBanc And,Visitante,Jor. 13,26,7,13,31,43,11,2,45,23,8,4,21,19,2,9,12,34,9,7,37,30,14,1,37,104164,La Laguna Tenerife,https://static.acb.com/img/www/clubes2024/2425LaLagunaTenerifeLogo.png,#E9CD5F,MoraBanc Andorra,https://static.acb.com/img/10/45/4d/75539.png,#0165BA
MoraBanc And,NA,Todas,Jor. NA,17,4,10,19,46,11,4,39,25,16,2,33,24,5,9,28,38,11,7,35,28,15,4,31,NA,MoraBanc Andorra,https://static.acb.com/img/10/45/4d/75539.png,#0165BA,NA,NA,NA
MoraBanc And,NA,Todas Local,Jor. NA,18,4,9,20,43,9,4,32,24,17,2,35,20,5,10,26,37,10,6,34,31,15,5,35,NA,MoraBanc Andorra,https://static.acb.com/img/10/45/4d/75539.png,#0165BA,NA,NA,NA
MoraBanc And,NA,Todas  Visitante,Jor. NA,15,4,11,18,49,14,4,47,26,15,2,31,30,4,8,31,39,12,8,37,24,14,2,26,NA,MoraBanc Andorra,https://static.acb.com/img/10/45/4d/75539.png,#0165BA,NA,NA,NA
MoraBanc And,Dreamland GC,Local,Jor. 1,18,6,6,18,44,11,1,29,9,17,0,7,22,5,7,25,30,7,6,31,39,18,6,52,104054,MoraBanc Andorra,https://static.acb.com/img/10/45/4d/75539.png,#0165BA,Dreamland Gran Canaria,https://static.acb.com/img/25/56/4a/75557.png,#FFB718
MoraBanc And,Baskonia,Visitante,Jor. 2,17,4,14,18,48,12,5,50,30,19,2,34,20,5,8,19,49,15,6,50,22,12,4,30,104061,MoraBanc Andorra,https://static.acb.com/img/10/45/4d/75539.png,#0165BA,Baskonia,https://static.acb.com/logos/1718/baskonia_00.png,#C8102E
MoraBanc And,Leyma Coruña,Local,Jor. 3,22,3,11,29,48,8,5,49,42,19,4,51,23,3,11,33,38,12,5,17,26,17,5,28,104072,MoraBanc Andorra,https://static.acb.com/img/10/45/4d/75539.png,#0165BA,Leyma Coruña,https://static.acb.com/img/www/clubes2024/2425BCoruna.png,#E85204
MoraBanc And,Valencia Basket,Visitante,Jor. 4,21,4,10,26,49,9,4,44,18,16,3,26,31,7,6,32,28,8,6,23,30,26,6,35,104086,MoraBanc Andorra,https://static.acb.com/img/10/45/4d/75539.png,#0165BA,Valencia Basket,https://static.acb.com/img/23/2/25/1654748673.png,#FC6C0F
MoraBanc And,Coviran Granada,Local,Jor. 5,16,3,15,25,42,7,3,26,29,19,3,59,11,4,5,11,30,13,7,16,30,14,4,30,104090,MoraBanc Andorra,https://static.acb.com/img/10/45/4d/75539.png,#0165BA,Coviran Granada,https://static.acb.com/img/www/clubes2023/coviran-granada_logopositivo.png,#C2213C
MoraBanc And,Hiopos Lleida,Visitante,Jor. 6,5,3,2,5,50,24,6,46,15,15,1,22,4,1,5,4,49,18,12,45,25,9,0,18,104102,MoraBanc Andorra,https://static.acb.com/img/10/45/4d/75539.png,#0165BA,Hiopos Lleida,https://static.acb.com/img/www/clubes2024/2425HioposLleida_positivo.png,#AB1254
MoraBanc And,UCAM Murcia,Local,Jor. 7,13,2,5,7,42,10,3,22,16,16,2,36,10,4,5,10,56,12,11,62,17,12,3,17,104107,MoraBanc Andorra,https://static.acb.com/img/10/45/4d/75539.png,#0165BA,UCAM Murcia,https://static.acb.com/img/www/clubes2024/2425UCAMMurcianegativo.png,#A51A14
MoraBanc And,Unicaja,Local,Jor. 8,21,7,8,23,46,10,4,38,22,21,1,32,36,3,16,44,24,7,9,29,46,14,6,52,104121,MoraBanc Andorra,https://static.acb.com/img/10/45/4d/75539.png,#0165BA,Unicaja,https://static.acb.com/img/www/clubes2024/2324UnicajaLogo.png,#3D9C35
MoraBanc And,Bàsquet Girona,Visitante,Jor. 9,18,6,14,27,52,11,3,40,28,15,2,37,46,6,9,44,21,12,7,10,18,16,0,28,104127,MoraBanc Andorra,https://static.acb.com/img/10/45/4d/75539.png,#0165BA,Bàsquet Girona,https://static.acb.com/img/www/clubes2023/BASQUET-GIRONA-Logonegativo2223.png,#D5001E
MoraBanc And,Casademont Zgz,Local,Jor. 10,15,6,8,25,44,5,5,26,20,13,2,21,12,8,14,26,39,7,3,36,39,22,4,48,104133,MoraBanc Andorra,https://static.acb.com/img/10/45/4d/75539.png,#0165BA,Casademont Zaragoza,https://static.acb.com/img/www/clubes2024/2425CasademontZaragoza.png,#C8102E
MoraBanc And,BAXI Manresa,Visitante,Jor. 11,14,1,11,21,62,15,7,68,35,12,1,32,47,4,12,49,32,5,3,29,28,12,1,21,104142,MoraBanc Andorra,https://static.acb.com/img/10/45/4d/75539.png,#0165BA,BAXI Manresa,https://static.acb.com/img/5b/60/d/75575.png,#B32836
MoraBanc And,Barça,Visitante,Jor. 12,17,5,13,9,35,15,2,32,27,12,1,37,30,4,7,36,54,14,11,65,21,9,4,26,104157,MoraBanc Andorra,https://static.acb.com/img/10/45/4d/75539.png,#0165BA,Barça,https://static.acb.com/img/www/clubes2024/2324BarcaLogoweb.png,#154284
MoraBanc And,La Laguna TFE,Local,Jor. 13,19,2,9,12,34,9,7,37,30,14,1,37,26,7,13,31,43,11,2,45,23,8,4,21,104164,MoraBanc Andorra,https://static.acb.com/img/10/45/4d/75539.png,#0165BA,La Laguna Tenerife,https://static.acb.com/img/www/clubes2024/2425LaLagunaTenerifeLogo.png,#E9CD5F
Real Madrid,NA,Todas,Jor. NA,15,4,6,21,56,18,8,57,16,13,2,22,20,6,5,19,29,12,6,23,27,15,3,28,NA,Real Madrid,https://static.acb.com/img/www/clubes2023/RealMadridLogo202223.png,#FFFFFF,NA,NA,NA
Real Madrid,NA,Todas Local,Jor. NA,14,4,7,21,58,17,9,64,17,12,2,23,20,6,5,19,29,12,6,22,25,15,4,24,NA,Real Madrid,https://static.acb.com/img/www/clubes2023/RealMadridLogo202223.png,#FFFFFF,NA,NA,NA
Real Madrid,NA,Todas  Visitante,Jor. NA,17,4,6,22,51,18,7,46,14,13,2,22,21,5,7,20,29,12,7,24,29,15,2,34,NA,Real Madrid,https://static.acb.com/img/www/clubes2023/RealMadridLogo202223.png,#FFFFFF,NA,NA,NA
Real Madrid,Leyma Coruña,Visitante,Jor. 1,24,4,4,27,42,7,6,40,19,14,4,31,38,4,7,33,24,13,9,20,24,14,5,29,104060,Real Madrid,https://static.acb.com/img/www/clubes2023/RealMadridLogo202223.png,#FFFFFF,Leyma Coruña,https://static.acb.com/img/www/clubes2024/2425BCoruna.png,#E85204
Real Madrid,Casademont Zgz,Local,Jor. 2,20,5,9,34,60,15,11,75,21,13,0,18,38,6,9,42,21,9,9,10,36,11,5,34,104065,Real Madrid,https://static.acb.com/img/www/clubes2023/RealMadridLogo202223.png,#FFFFFF,Casademont Zaragoza,https://static.acb.com/img/www/clubes2024/2425CasademontZaragoza.png,#C8102E
Real Madrid,Surne Bilbao,Visitante,Jor. 3,16,2,8,29,60,24,9,46,3,10,0,4,16,6,4,18,36,9,8,30,31,18,3,41,104074,Real Madrid,https://static.acb.com/img/www/clubes2023/RealMadridLogo202223.png,#FFFFFF,Surne Bilbao Basket,https://static.acb.com/img/www/clubes2022/logo_surnebb_neg.png,#000000
Real Madrid,Bàsquet Girona,Local,Jor. 4,14,1,5,22,61,20,10,69,20,12,1,29,42,8,7,39,15,7,2,6,8,11,2,3,104083,Real Madrid,https://static.acb.com/img/www/clubes2023/RealMadridLogo202223.png,#FFFFFF,Bàsquet Girona,https://static.acb.com/img/www/clubes2023/BASQUET-GIRONA-Logonegativo2223.png,#D5001E
Real Madrid,BAXI Manresa,Local,Jor. 5,3,2,1,4,65,17,11,67,18,19,5,37,13,8,5,1,25,14,5,23,23,15,1,8,104092,Real Madrid,https://static.acb.com/img/www/clubes2023/RealMadridLogo202223.png,#FFFFFF,BAXI Manresa,https://static.acb.com/img/5b/60/d/75575.png,#B32836
Real Madrid,UCAM Murcia,Visitante,Jor. 6,13,4,2,15,53,20,4,47,19,16,3,40,6,0,5,-1,32,10,9,25,26,12,1,25,104105,Real Madrid,https://static.acb.com/img/www/clubes2023/RealMadridLogo202223.png,#FFFFFF,UCAM Murcia,https://static.acb.com/img/www/clubes2024/2425UCAMMurcianegativo.png,#A51A14
Real Madrid,Dreamland GC,Local,Jor. 7,20,3,9,33,43,12,4,42,20,11,1,22,12,5,5,19,47,7,5,28,18,20,8,28,104111,Real Madrid,https://static.acb.com/img/www/clubes2023/RealMadridLogo202223.png,#FFFFFF,Dreamland Gran Canaria,https://static.acb.com/img/25/56/4a/75557.png,#FFB718
Real Madrid,Hiopos Lleida,Local,Jor. 8,13,6,5,18,55,15,7,59,17,13,3,17,2,1,1,6,52,10,12,42,20,14,2,25,104119,Real Madrid,https://static.acb.com/img/www/clubes2023/RealMadridLogo202223.png,#FFFFFF,Hiopos Lleida,https://static.acb.com/img/www/clubes2024/2425HioposLleida_positivo.png,#AB1254
Real Madrid,Joventut,Visitante,Jor. 9,19,7,6,26,42,14,7,26,15,13,3,21,18,6,4,9,30,12,6,28,32,20,3,45,104132,Real Madrid,https://static.acb.com/img/www/clubes2023/RealMadridLogo202223.png,#FFFFFF,Joventut Badalona,https://static.acb.com/img/e/53/16/1453195579.png,#2F8E62
Real Madrid,Unicaja,Local,Jor. 10,15,6,9,19,66,13,8,60,9,9,4,11,18,5,3,13,25,15,8,38,34,19,4,33,104141,Real Madrid,https://static.acb.com/img/www/clubes2023/RealMadridLogo202223.png,#FFFFFF,Unicaja,https://static.acb.com/img/www/clubes2024/2324UnicajaLogo.png,#3D9C35
Real Madrid,Río Breogán,Local,Jor. 11,9,4,9,15,76,20,14,94,21,12,2,31,16,5,2,8,26,13,3,16,27,13,3,26,104147,Real Madrid,https://static.acb.com/img/www/clubes2023/RealMadridLogo202223.png,#FFFFFF,Río Breogán,https://static.acb.com/logos/1718/breogan_00.png,#85ADEA
Real Madrid,Valencia Basket,Visitante,Jor. 12,11,2,9,12,59,25,7,69,14,13,0,15,29,10,14,39,25,14,3,18,31,10,0,31,104159,Real Madrid,https://static.acb.com/img/www/clubes2023/RealMadridLogo202223.png,#FFFFFF,Valencia Basket,https://static.acb.com/img/23/2/25/1654748673.png,#FC6C0F
Real Madrid,Barça,Local,Jor. 13,20,2,7,20,42,26,8,47,11,10,1,16,16,8,5,26,19,18,3,16,36,19,6,31,104168,Real Madrid,https://static.acb.com/img/www/clubes2023/RealMadridLogo202223.png,#FFFFFF,Barça,https://static.acb.com/img/www/clubes2024/2324BarcaLogoweb.png,#154284
Surne Bilbao,NA,Todas,Jor. NA,19,5,6,23,31,8,8,24,33,18,2,38,19,5,8,21,37,14,6,34,27,15,4,29,NA,Surne Bilbao Basket,https://static.acb.com/img/www/clubes2022/logo_surnebb_neg.png,#000000,NA,NA,NA
Surne Bilbao,NA,Todas Local,Jor. NA,21,5,6,25,30,8,8,27,33,19,2,40,19,4,8,18,35,13,6,28,28,16,4,34,NA,Surne Bilbao Basket,https://static.acb.com/img/www/clubes2022/logo_surnebb_neg.png,#000000,NA,NA,NA
Surne Bilbao,NA,Todas  Visitante,Jor. NA,17,5,7,21,31,8,7,21,32,18,3,37,19,6,8,24,39,14,5,38,25,15,3,25,NA,Surne Bilbao Basket,https://static.acb.com/img/www/clubes2022/logo_surnebb_neg.png,#000000,NA,NA,NA
Surne Bilbao,Río Breogán,Local,Jor. 1,22,2,9,26,28,16,7,39,40,21,3,45,17,4,6,15,28,11,5,13,27,13,4,23,104059,Surne Bilbao Basket,https://static.acb.com/img/www/clubes2022/logo_surnebb_neg.png,#000000,Río Breogán,https://static.acb.com/logos/1718/breogan_00.png,#85ADEA
Surne Bilbao,UCAM Murcia,Visitante,Jor. 2,23,8,4,32,27,7,7,20,33,20,5,37,8,1,4,3,56,27,8,54,25,17,4,21,104063,Surne Bilbao Basket,https://static.acb.com/img/www/clubes2022/logo_surnebb_neg.png,#000000,UCAM Murcia,https://static.acb.com/img/www/clubes2024/2425UCAMMurcianegativo.png,#A51A14
Surne Bilbao,Real Madrid,Local,Jor. 3,16,6,4,18,36,9,8,30,31,18,3,41,16,2,8,29,60,24,9,46,3,10,0,4,104074,Surne Bilbao Basket,https://static.acb.com/img/www/clubes2022/logo_surnebb_neg.png,#000000,Real Madrid,https://static.acb.com/img/www/clubes2023/RealMadridLogo202223.png,#FFFFFF
Surne Bilbao,Dreamland GC,Visitante,Jor. 4,22,3,6,28,16,10,4,0,29,13,4,29,13,6,3,19,46,15,7,54,21,15,4,23,104081,Surne Bilbao Basket,https://static.acb.com/img/www/clubes2022/logo_surnebb_neg.png,#000000,Dreamland Gran Canaria,https://static.acb.com/img/25/56/4a/75557.png,#FFB718
Surne Bilbao,Valencia Basket,Local,Jor. 5,17,5,4,20,44,4,12,44,37,17,4,43,28,8,9,29,35,14,6,34,40,20,4,45,104094,Surne Bilbao Basket,https://static.acb.com/img/www/clubes2022/logo_surnebb_neg.png,#000000,Valencia Basket,https://static.acb.com/img/23/2/25/1654748673.png,#FC6C0F
Surne Bilbao,Coviran Granada,Visitante,Jor. 6,22,6,7,33,29,9,8,19,33,17,4,41,14,0,11,23,36,9,4,28,22,12,3,14,104100,Surne Bilbao Basket,https://static.acb.com/img/www/clubes2022/logo_surnebb_neg.png,#000000,Coviran Granada,https://static.acb.com/img/www/clubes2023/coviran-granada_logopositivo.png,#C2213C
Surne Bilbao,Bàsquet Girona,Visitante,Jor. 7,24,4,7,20,27,10,7,13,43,19,1,49,39,11,11,41,40,11,2,37,21,13,0,24,104110,Surne Bilbao Basket,https://static.acb.com/img/www/clubes2022/logo_surnebb_neg.png,#000000,Bàsquet Girona,https://static.acb.com/img/www/clubes2023/BASQUET-GIRONA-Logonegativo2223.png,#D5001E
Surne Bilbao,Joventut,Local,Jor. 8,25,3,4,28,26,6,7,16,28,19,1,34,11,0,8,8,45,14,11,52,39,19,8,54,104122,Surne Bilbao Basket,https://static.acb.com/img/www/clubes2022/logo_surnebb_neg.png,#000000,Joventut Badalona,https://static.acb.com/img/e/53/16/1453195579.png,#2F8E62
Surne Bilbao,Casademont Zgz,Visitante,Jor. 9,6,2,6,7,32,5,8,19,33,19,1,33,28,9,8,38,27,13,4,24,27,21,2,36,104126,Surne Bilbao Basket,https://static.acb.com/img/www/clubes2022/logo_surnebb_neg.png,#000000,Casademont Zaragoza,https://static.acb.com/img/www/clubes2024/2425CasademontZaragoza.png,#C8102E
Surne Bilbao,Baskonia,Local,Jor. 10,15,7,8,25,18,7,7,9,34,18,0,37,14,6,7,9,20,9,6,14,35,20,5,53,104137,Surne Bilbao Basket,https://static.acb.com/img/www/clubes2022/logo_surnebb_neg.png,#000000,Baskonia,https://static.acb.com/logos/1718/baskonia_00.png,#C8102E
Surne Bilbao,Hiopos Lleida,Visitante,Jor. 11,16,4,3,9,24,3,6,10,26,24,2,43,11,8,13,22,49,14,8,54,24,6,2,12,104149,Surne Bilbao Basket,https://static.acb.com/img/www/clubes2022/logo_surnebb_neg.png,#000000,Hiopos Lleida,https://static.acb.com/img/www/clubes2024/2425HioposLleida_positivo.png,#AB1254
Surne Bilbao,BAXI Manresa,Local,Jor. 12,32,6,5,31,27,3,7,22,29,20,2,38,26,7,7,17,22,7,2,12,25,13,4,23,104158,Surne Bilbao Basket,https://static.acb.com/img/www/clubes2022/logo_surnebb_neg.png,#000000,BAXI Manresa,https://static.acb.com/img/5b/60/d/75575.png,#B32836
Surne Bilbao,Leyma Coruña,Visitante,Jor. 13,7,7,15,17,63,13,10,69,30,12,1,26,21,4,7,21,22,11,2,17,36,21,6,46,104162,Surne Bilbao Basket,https://static.acb.com/img/www/clubes2022/logo_surnebb_neg.png,#000000,Leyma Coruña,https://static.acb.com/img/www/clubes2024/2425BCoruna.png,#E85204
UCAM Murcia,NA,Todas,Jor. NA,14,3,5,12,36,12,9,37,29,15,3,31,21,5,6,21,35,14,4,31,26,15,3,34,NA,UCAM Murcia,https://static.acb.com/img/www/clubes2024/2425UCAMMurcianegativo.png,#A51A14,NA,NA,NA
UCAM Murcia,NA,Todas Local,Jor. NA,10,3,5,7,39,14,10,43,29,15,3,31,21,5,4,22,36,13,4,30,24,16,3,30,NA,UCAM Murcia,https://static.acb.com/img/www/clubes2024/2425UCAMMurcianegativo.png,#A51A14,NA,NA,NA
UCAM Murcia,NA,Todas  Visitante,Jor. NA,20,4,6,18,33,9,8,30,28,16,3,32,21,5,7,19,34,15,5,33,29,12,3,38,NA,UCAM Murcia,https://static.acb.com/img/www/clubes2024/2425UCAMMurcianegativo.png,#A51A14,NA,NA,NA
UCAM Murcia,Joventut,Visitante,Jor. 1,10,5,3,5,41,5,7,37,25,13,5,32,18,6,6,19,41,14,5,46,32,13,7,41,104052,UCAM Murcia,https://static.acb.com/img/www/clubes2024/2425UCAMMurcianegativo.png,#A51A14,Joventut Badalona,https://static.acb.com/img/e/53/16/1453195579.png,#2F8E62
UCAM Murcia,Surne Bilbao,Local,Jor. 2,8,1,4,3,56,27,8,54,25,17,4,21,23,8,4,32,27,7,7,20,33,20,5,37,104063,UCAM Murcia,https://static.acb.com/img/www/clubes2024/2425UCAMMurcianegativo.png,#A51A14,Surne Bilbao Basket,https://static.acb.com/img/www/clubes2022/logo_surnebb_neg.png,#000000
UCAM Murcia,Baskonia,Visitante,Jor. 3,24,2,7,18,24,11,9,27,44,19,4,47,18,5,6,20,32,17,7,37,45,11,3,53,104070,UCAM Murcia,https://static.acb.com/img/www/clubes2024/2425UCAMMurcianegativo.png,#A51A14,Baskonia,https://static.acb.com/logos/1718/baskonia_00.png,#C8102E
UCAM Murcia,Casademont Zgz,Local,Jor. 4,16,4,7,18,50,18,8,63,22,13,3,17,26,7,1,25,27,8,1,13,21,17,2,22,104082,UCAM Murcia,https://static.acb.com/img/www/clubes2024/2425UCAMMurcianegativo.png,#A51A14,Casademont Zaragoza,https://static.acb.com/img/www/clubes2024/2425CasademontZaragoza.png,#C8102E
UCAM Murcia,Bàsquet Girona,Visitante,Jor. 5,23,4,5,31,31,6,8,16,28,20,1,32,31,5,7,18,26,11,3,21,18,11,0,24,104088,UCAM Murcia,https://static.acb.com/img/www/clubes2024/2425UCAMMurcianegativo.png,#A51A14,Bàsquet Girona,https://static.acb.com/img/www/clubes2023/BASQUET-GIRONA-Logonegativo2223.png,#D5001E
UCAM Murcia,Real Madrid,Local,Jor. 6,6,0,5,-1,32,10,9,25,26,12,1,25,13,4,2,15,53,20,4,47,19,16,3,40,104105,UCAM Murcia,https://static.acb.com/img/www/clubes2024/2425UCAMMurcianegativo.png,#A51A14,Real Madrid,https://static.acb.com/img/www/clubes2023/RealMadridLogo202223.png,#FFFFFF
UCAM Murcia,MoraBanc And,Visitante,Jor. 7,10,4,5,10,56,12,11,62,17,12,3,17,13,2,5,7,42,10,3,22,16,16,2,36,104107,UCAM Murcia,https://static.acb.com/img/www/clubes2024/2425UCAMMurcianegativo.png,#A51A14,MoraBanc Andorra,https://static.acb.com/img/10/45/4d/75539.png,#0165BA
UCAM Murcia,Río Breogán,Local,Jor. 8,11,7,6,16,36,10,17,46,32,21,1,35,18,3,5,18,25,22,4,15,20,15,2,25,104115,UCAM Murcia,https://static.acb.com/img/www/clubes2024/2425UCAMMurcianegativo.png,#A51A14,Río Breogán,https://static.acb.com/logos/1718/breogan_00.png,#85ADEA
UCAM Murcia,Dreamland GC,Local,Jor. 9,6,0,1,2,27,7,8,22,30,15,3,40,9,7,6,9,45,14,4,55,29,16,4,22,104129,UCAM Murcia,https://static.acb.com/img/www/clubes2024/2425UCAMMurcianegativo.png,#A51A14,Dreamland Gran Canaria,https://static.acb.com/img/25/56/4a/75557.png,#FFB718
UCAM Murcia,Barça,Visitante,Jor. 10,19,3,5,11,34,13,6,31,26,13,3,31,13,8,10,20,27,17,3,29,46,14,4,52,104140,UCAM Murcia,https://static.acb.com/img/www/clubes2024/2425UCAMMurcianegativo.png,#A51A14,Barça,https://static.acb.com/img/www/clubes2024/2324BarcaLogoweb.png,#154284
UCAM Murcia,Valencia Basket,Local,Jor. 11,15,7,5,6,26,10,9,32,47,13,3,51,43,8,11,45,28,8,3,20,25,18,4,41,104143,UCAM Murcia,https://static.acb.com/img/www/clubes2024/2425UCAMMurcianegativo.png,#A51A14,Valencia Basket,https://static.acb.com/img/23/2/25/1654748673.png,#FC6C0F
UCAM Murcia,La Laguna TFE,Visitante,Jor. 12,31,4,8,35,13,7,7,5,30,17,0,31,33,2,8,29,34,20,7,44,15,9,2,22,104153,UCAM Murcia,https://static.acb.com/img/www/clubes2024/2425UCAMMurcianegativo.png,#A51A14,La Laguna Tenerife,https://static.acb.com/img/www/clubes2024/2425LaLagunaTenerifeLogo.png,#E9CD5F
UCAM Murcia,Coviran Granada,Local,Jor. 13,9,2,4,2,48,19,8,62,19,11,7,26,15,1,2,11,45,11,4,38,21,13,3,22,104165,UCAM Murcia,https://static.acb.com/img/www/clubes2024/2425UCAMMurcianegativo.png,#A51A14,Coviran Granada,https://static.acb.com/img/www/clubes2023/coviran-granada_logopositivo.png,#C2213C
Unicaja,NA,Todas,Jor. NA,26,4,11,31,29,11,6,29,34,16,4,36,18,6,9,21,37,11,5,34,27,13,4,31,NA,Unicaja,https://static.acb.com/img/www/clubes2024/2324UnicajaLogo.png,#3D9C35,NA,NA,NA
Unicaja,NA,Todas Local,Jor. NA,28,5,11,35,33,11,6,34,31,16,4,35,19,5,7,20,29,9,6,27,30,12,4,30,NA,Unicaja,https://static.acb.com/img/www/clubes2024/2324UnicajaLogo.png,#3D9C35,NA,NA,NA
Unicaja,NA,Todas  Visitante,Jor. NA,24,3,10,27,25,11,6,25,36,16,4,37,17,7,10,22,44,12,5,40,25,13,4,31,NA,Unicaja,https://static.acb.com/img/www/clubes2024/2324UnicajaLogo.png,#3D9C35,NA,NA,NA
Unicaja,Bàsquet Girona,Local,Jor. 1,31,4,10,34,28,7,3,17,31,18,8,48,43,7,7,37,13,8,1,11,17,12,2,10,104053,Unicaja,https://static.acb.com/img/www/clubes2024/2324UnicajaLogo.png,#3D9C35,Bàsquet Girona,https://static.acb.com/img/www/clubes2023/BASQUET-GIRONA-Logonegativo2223.png,#D5001E
Unicaja,Coviran Granada,Visitante,Jor. 2,21,2,9,25,21,15,8,25,42,21,5,47,11,5,11,19,38,12,1,26,19,6,2,15,104068,Unicaja,https://static.acb.com/img/www/clubes2024/2324UnicajaLogo.png,#3D9C35,Coviran Granada,https://static.acb.com/img/www/clubes2023/coviran-granada_logopositivo.png,#C2213C
Unicaja,Hiopos Lleida,Local,Jor. 3,23,5,12,39,34,12,13,45,44,18,6,56,9,0,2,8,27,10,7,23,12,6,2,1,104071,Unicaja,https://static.acb.com/img/www/clubes2024/2324UnicajaLogo.png,#3D9C35,Hiopos Lleida,https://static.acb.com/img/www/clubes2024/2425HioposLleida_positivo.png,#AB1254
Unicaja,Leyma Coruña,Visitante,Jor. 4,23,1,8,24,42,13,10,41,25,16,3,32,6,6,14,10,35,11,6,35,42,18,9,56,104080,Unicaja,https://static.acb.com/img/www/clubes2024/2324UnicajaLogo.png,#3D9C35,Leyma Coruña,https://static.acb.com/img/www/clubes2024/2425BCoruna.png,#E85204
Unicaja,Barça,Local,Jor. 5,24,4,11,28,47,8,4,53,32,17,2,31,16,8,17,34,35,10,3,31,45,11,2,36,104096,Unicaja,https://static.acb.com/img/www/clubes2024/2324UnicajaLogo.png,#3D9C35,Barça,https://static.acb.com/img/www/clubes2024/2324BarcaLogoweb.png,#154284
Unicaja,BAXI Manresa,Visitante,Jor. 6,23,2,7,26,21,9,2,4,25,10,2,15,22,10,14,32,37,13,7,50,50,13,5,56,104099,Unicaja,https://static.acb.com/img/www/clubes2024/2324UnicajaLogo.png,#3D9C35,BAXI Manresa,https://static.acb.com/img/5b/60/d/75575.png,#B32836
Unicaja,Joventut,Visitante,Jor. 7,19,1,9,18,20,7,5,21,40,22,5,42,11,9,6,17,44,15,5,34,20,12,6,33,104109,Unicaja,https://static.acb.com/img/www/clubes2024/2324UnicajaLogo.png,#3D9C35,Joventut Badalona,https://static.acb.com/img/e/53/16/1453195579.png,#2F8E62
Unicaja,MoraBanc And,Visitante,Jor. 8,36,3,16,44,24,7,9,29,46,14,6,52,21,7,8,23,46,10,4,38,22,21,1,32,104121,Unicaja,https://static.acb.com/img/www/clubes2024/2324UnicajaLogo.png,#3D9C35,MoraBanc Andorra,https://static.acb.com/img/10/45/4d/75539.png,#0165BA
Unicaja,La Laguna TFE,Local,Jor. 9,16,3,13,24,41,15,4,47,27,10,2,23,16,1,8,7,29,14,5,35,36,13,5,45,104124,Unicaja,https://static.acb.com/img/www/clubes2024/2324UnicajaLogo.png,#3D9C35,La Laguna Tenerife,https://static.acb.com/img/www/clubes2024/2425LaLagunaTenerifeLogo.png,#E9CD5F
Unicaja,Real Madrid,Visitante,Jor. 10,18,5,3,13,25,15,8,38,34,19,4,33,15,6,9,19,66,13,8,60,9,9,4,11,104141,Unicaja,https://static.acb.com/img/www/clubes2024/2324UnicajaLogo.png,#3D9C35,Real Madrid,https://static.acb.com/img/www/clubes2023/RealMadridLogo202223.png,#FFFFFF
Unicaja,Dreamland GC,Local,Jor. 11,49,6,9,55,23,9,4,10,16,15,3,18,18,4,2,22,35,8,10,27,41,19,7,49,104145,Unicaja,https://static.acb.com/img/www/clubes2024/2324UnicajaLogo.png,#3D9C35,Dreamland Gran Canaria,https://static.acb.com/img/25/56/4a/75557.png,#FFB718
Unicaja,Baskonia,Visitante,Jor. 12,26,6,21,39,25,10,3,20,39,10,2,35,35,4,8,34,43,13,5,37,10,12,1,17,104154,Unicaja,https://static.acb.com/img/www/clubes2024/2324UnicajaLogo.png,#3D9C35,Baskonia,https://static.acb.com/logos/1718/baskonia_00.png,#C8102E
Unicaja,Río Breogán,Local,Jor. 13,24,9,10,30,24,16,7,31,38,18,5,36,13,9,8,9,33,6,9,35,31,14,3,41,104163,Unicaja,https://static.acb.com/img/www/clubes2024/2324UnicajaLogo.png,#3D9C35,Río Breogán,https://static.acb.com/logos/1718/breogan_00.png,#85ADEA
Valencia Basket,NA,Todas,Jor. NA,28,7,13,33,34,11,4,34,32,19,4,37,19,4,8,18,36,11,6,33,30,15,3,37,NA,Valencia Basket,https://static.acb.com/img/23/2/25/1654748673.png,#FC6C0F,NA,NA,NA
Valencia Basket,NA,Todas Local,Jor. NA,27,8,12,33,35,11,4,34,32,19,5,39,22,3,10,18,35,12,5,31,23,15,2,30,NA,Valencia Basket,https://static.acb.com/img/23/2/25/1654748673.png,#FC6C0F,NA,NA,NA
Valencia Basket,NA,Todas  Visitante,Jor. NA,29,7,13,34,34,11,4,34,32,19,4,36,16,6,7,17,37,10,7,34,37,15,4,43,NA,Valencia Basket,https://static.acb.com/img/23/2/25/1654748673.png,#FC6C0F,NA,NA,NA
Valencia Basket,BAXI Manresa,Visitante,Jor. 1,15,7,10,14,38,12,3,39,20,21,2,17,11,5,5,0,32,16,3,34,34,19,4,43,104055,Valencia Basket,https://static.acb.com/img/23/2/25/1654748673.png,#FC6C0F,BAXI Manresa,https://static.acb.com/img/5b/60/d/75575.png,#B32836
Valencia Basket,Joventut,Local,Jor. 2,17,6,9,19,36,12,8,38,31,23,3,37,16,2,7,8,18,4,3,1,26,22,2,39,104064,Valencia Basket,https://static.acb.com/img/23/2/25/1654748673.png,#FC6C0F,Joventut Badalona,https://static.acb.com/img/e/53/16/1453195579.png,#2F8E62
Valencia Basket,Río Breogán,Visitante,Jor. 3,24,7,10,27,34,12,6,30,29,21,7,36,15,1,6,9,38,15,5,35,22,15,4,35,104076,Valencia Basket,https://static.acb.com/img/23/2/25/1654748673.png,#FC6C0F,Río Breogán,https://static.acb.com/logos/1718/breogan_00.png,#85ADEA
Valencia Basket,MoraBanc And,Local,Jor. 4,31,7,6,32,28,8,6,23,30,26,6,35,21,4,10,26,49,9,4,44,18,16,3,26,104086,Valencia Basket,https://static.acb.com/img/23/2/25/1654748673.png,#FC6C0F,MoraBanc Andorra,https://static.acb.com/img/10/45/4d/75539.png,#0165BA
Valencia Basket,Surne Bilbao,Visitante,Jor. 5,28,8,9,29,35,14,6,34,40,20,4,45,17,5,4,20,44,4,12,44,37,17,4,43,104094,Valencia Basket,https://static.acb.com/img/23/2/25/1654748673.png,#FC6C0F,Surne Bilbao Basket,https://static.acb.com/img/www/clubes2022/logo_surnebb_neg.png,#000000
Valencia Basket,La Laguna TFE,Local,Jor. 6,19,8,12,18,37,4,2,36,40,19,8,59,30,3,11,29,29,8,1,28,22,11,1,27,104101,Valencia Basket,https://static.acb.com/img/23/2/25/1654748673.png,#FC6C0F,La Laguna Tenerife,https://static.acb.com/img/www/clubes2024/2425LaLagunaTenerifeLogo.png,#E9CD5F
Valencia Basket,Casademont Zgz,Local,Jor. 7,29,8,14,42,57,15,3,61,25,16,8,29,15,3,7,11,32,16,10,28,39,14,3,40,104108,Valencia Basket,https://static.acb.com/img/23/2/25/1654748673.png,#FC6C0F,Casademont Zaragoza,https://static.acb.com/img/www/clubes2024/2425CasademontZaragoza.png,#C8102E
Valencia Basket,Barça,Visitante,Jor. 8,29,8,15,39,40,11,4,48,30,12,4,17,13,6,12,26,40,4,4,33,49,20,7,63,104123,Valencia Basket,https://static.acb.com/img/23/2/25/1654748673.png,#FC6C0F,Barça,https://static.acb.com/img/www/clubes2024/2324BarcaLogoweb.png,#154284
Valencia Basket,Baskonia,Visitante,Jor. 9,37,6,23,56,32,12,2,36,47,21,3,58,23,9,8,32,42,9,9,35,26,13,4,22,104131,Valencia Basket,https://static.acb.com/img/23/2/25/1654748673.png,#FC6C0F,Baskonia,https://static.acb.com/logos/1718/baskonia_00.png,#C8102E
Valencia Basket,Bàsquet Girona,Local,Jor. 10,38,6,17,48,25,11,2,27,35,18,6,44,36,4,13,25,25,12,3,18,17,14,0,30,104136,Valencia Basket,https://static.acb.com/img/23/2/25/1654748673.png,#FC6C0F,Bàsquet Girona,https://static.acb.com/img/www/clubes2023/BASQUET-GIRONA-Logonegativo2223.png,#D5001E
Valencia Basket,UCAM Murcia,Visitante,Jor. 11,43,8,11,45,28,8,3,20,25,18,4,41,15,7,5,6,26,10,9,32,47,13,3,51,104143,Valencia Basket,https://static.acb.com/img/23/2/25/1654748673.png,#FC6C0F,UCAM Murcia,https://static.acb.com/img/www/clubes2024/2425UCAMMurcianegativo.png,#A51A14
Valencia Basket,Real Madrid,Local,Jor. 12,29,10,14,39,25,14,3,18,31,10,0,31,11,2,9,12,59,25,7,69,14,13,0,15,104159,Valencia Basket,https://static.acb.com/img/23/2/25/1654748673.png,#FC6C0F,Real Madrid,https://static.acb.com/img/www/clubes2023/RealMadridLogo202223.png,#FFFFFF
Valencia Basket,Dreamland GC,Visitante,Jor. 13,27,3,13,27,31,10,5,32,36,22,3,36,21,7,7,27,34,13,8,26,42,9,0,47,104161,Valencia Basket,https://static.acb.com/img/23/2/25/1654748673.png,#FC6C0F,Dreamland Gran Canaria,https://static.acb.com/img/25/56/4a/75557.png,#FFB718
